kargolama süreci berbat	Neutral
Ürünün kargoya geç verilmesi	Neutral
Urun guzel fakat arad kargo ile 4 gunde geldi :(	Neutral
Gerek yok	Happy
Ürün yere çakıldı. elektrik motorlarından 3 ü kitlendi.	Happy
biraz kalitesi düşük bi ürün fakat parasına göre ideal . kargo evime getirmediği için düşük not veriyorum	Neutral
Ürünü çok geç kargoladılar	Neutral
Tam 4 gün beklememe rağmen ürünü kargolamadılar,ayrıca tenezzül edip cevap bile vermediler,teşekkür ediyorum korayspor!!!!gitti gidiyor 'a hiç sözüm yok,onlarda olmasa bizi koruyan olmayacak sanırım	Sad
Hediye aldım henüz denenmedi	Neutral
.	Happy
Parasına göre güzel bir ayakkabı,teşekkürler..	Happy
Hediyeler için teşekkürler. Fakat ürün 5 gün sonra geldi ??	Neutral
Adetli alınca gönderim yapılmıyor ama açıklamada bu yazmıyor ve ilginçtir ki bu ürün günün fırsatında.35502 profilli bir satıcı yapıyor bunu.Yapılan gitti gidiyor kurallarınca etik değil. Satıcı yüzünden dünkü indirimim de yandı.Profile bakmak yanlışmış!!	Sad
Istediğim ürünün aynisi gelmesi deisik modeli geldi Parasal yönden sorunyok fakat hediye Almistim Gönderilen ürün daha ucuz bisey ben bilerek fazla para ödedim onu almak için.	Neutral
Kargo şirketi çok kötü çok sorun yaşadım.	Neutral
Satıcının gönderdiği ürünün son kullanma tarihi geçmiş gibi, lazerin pil takılacak yerleri küflenmiş, olması gereken 3 pil, olan 2. Pillerden birisi patlamış diğeri akmış.Plastik ve kutu uzun zaman depoda uygunsuz durmuş sanki bu sebepten biraz kötüleşmiş	Sad
Yanlış ürün gönderildi ve ürün elime ulşır ulaşmaz sistem otomatik olarak alışı onaylamış, iade ve değişim yapamadım asla sürmeyeceğim siyah/ mor arası bir dudak kalemi ile indirim adı altında başbaşa kaldım	Sad
Gelen ürün ve paketleme mükemmel fakat iki tane kırmızı istedim birini turuncu göndermişsiniz ve kırmızı olan araçta sıkıntı var dönüşüm yapıldığı zaman kanatları elinizle açmayana kadar açılmıyor ve kapattığımız zamanda kapılar kapanmıyor yinede tşk.	Sad
Aksaminda kargolanan urun ertesi gun elimde oldu bu harika ama aldigim urun iki gun sonra 40 lira indirime girdigini gorunce sinirlendim. Mesaj attim ilk cevap vermediler. Sonrada kismi iade yapamiyoruz dediler bu adam kaziklamaktir.	Neutral
Satıcı stoğunda olmayan ürünü satmıştır. Temin süresi gecikince de satış tarafımca iptal edilmiştir.	Sad
Hızlı kargo, orjinal ve kaliteli ürün. teşekkürler :)	Happy
teşekkür ederim	Happy
Teşekkür ediyorum ürün ulaştı.	Happy
teşekkürler	Happy
hızlı	Happy
Kargo suresi cok gecti ve ilk resimdeki rengi begenmistim fakat farkli bi ton geldi.ama temiz defosuz orjinal urun olmasi memnuniyet vericiydi	Neutral
2.11.2016 Trabzon kargo şubesine geldi. 4.11.2016 saat 14.20'de teslim edildi.	Happy
Ürün vaktinden önce geldi saticiya tesekkür ediyorum.	Happy
Ürün fotoğraftaki ile birebir aynı değil.	Happy
ürün güzel, fakat vida yerleri denk gelmiyor.	Neutral
ÜRÜNLER ÇOK UFAK, ÜRÜN KALİTESİZ, GELEN KÖPEKLERDEN BİRİSİ KIRIK. HEDİYE ALALIM DEDİK BURNUMUZFÇDAN GELDİ	Neutral
...	Happy
Alırken kaygiliydim. Ama sorun olmadığını gördüm.	Neutral
İlgili, dikkatli ve güvenilir bir satıcı.	Happy
PTT kargo ile geldi 5 günde mng ile gelebilirdi	Happy
Teşekkürler	Happy
Teşekkür ederim.	Happy
teşekkürler	Happy
Ürün kargoya çok geç verildi zamanında teslimat olmadı onun haricinde herhangibir sıkıntı yok	Sad
3 adet kostüm aldım , 3 ünde de yanlış beden geldi , iade ettim, sadece birinin parası iade edildi. Satıcıya ulaşamıyorum , gitti gidiyor müşteri hizmetlerini 1 haftadır arıyorum iade durumda benmi peşinizden koşup sürekli arıyacağım sizi .	Happy
Ürün hala gelmedi teslim almadım	Sad
Elinde olmayan ürünü (gold rengi olanı) satmak ne kadar doğru.	Sad
saat 14:00 de sipariş vermeme rağmen ürün aynı gün kargolanmadı. acil olarak temin etmeniz gerekirse sıkıntı yaşarsınız.	Sad
Açık gelen bi parfüm kutusu	Happy
Kargo takibinin daha özenli yapilmasının gerektiğini düşünüyorum.	Happy
Kargom gelmedi. Adresime 30 km ötedeki kargo adresine yönlendirilmiş. Adresi açıkça yazmış olmama rağmen. Aldığım cevap tanımsız adres	Sad
Urun güzel yalnız tutacakları tam oturmuyor arada boşluk kalıyor	Neutral
Arızalı gönderdiğim ürünümü aynı gün yenisi ile değiştirip gönderildi teşekkürler	Neutral
Ürünün pili çok adi. Telefon gibi sürekli şarj gerektiriyor	Happy
Bu ürünü almak istiyorsanız Tavsiye ederim. Çok geniş. Sesi az. Yalnız satıcıya gelirsek o kadar umursamaz ki 4 kere mesaj attım hiç birine cevap vermedi. Tok satıcı. Hele o horoz kargo yok mu, paramla rezil oldum. Sinir krizi geçirttiler bilginize..	Sad
Cok gec geldi	Neutral
kolonya gibi ama ucuz	Neutral
Kalite kokuyor	Happy
Kargo konusunda sıkıntı var	Neutral
Gelen ürün kaliteden yoksun demirleri demir degil sert plastik tutma yerleri elleri acıtır puruzlu dambilarda yetersiz	Sad
Ürün onayın son günü elime ulaşılıyor ürünü denemeden satıcı onay bekliyor siz olsanız denemeden onay verir misiniz	Happy
Adamlar mali göndermek için elinden geleni yapıyorlar . Bir tane iptal işlemim var ne gittigidiyor yardımcı oluyor nede satıcı bundan sonra gittigidiyor dan da alışveriş yapmayacağım artık satıcıyı koruyorlar madde olan halbuki ki bizleriz	Sad
Teşekkürler	Happy
yerlestirildiginde sabit durmuyor alt taban plakalara göre çok büyük	Happy
koargo 1 günde geldi araca taktım fakat ürün hiç güzel değil kumaşı resimdeki gibi kaliteli değil dikiş iplikleri mavi aldığım bej rengi takarken sökülüyor bej rengine mavi iplik olmamalı sırıtıyor kalitesi 200 tl edecek mal değil en fazla 70 80 lira ede	Neutral
Resimlerde görüldüğü kadar büyük değil.	Happy
ÜRÜNÜN İADESİNİ GERÇEKLEŞTİRMİYORLAR	Sad
Birebir araca uyumlu bir ölçüde olduğunu düşünmeyin Ayrıca soğuk kaynak yerine dikiş kullanılmış ve iç kısımdaki miflon kaplama yeterli değil	Sad
Özlenen koku!!:) uzun süredir hiçbiyerde bulamamıştım teşekkürler	Sad
ÜRÜN 1 HAFTA DA ANCAK ELİME ULAŞTI O KADAR TAKİP ETMEME VE ARAYIP SORMAMA RAĞMEN FAZLA SÖZE GEREK YOK HİZMET ORTADA TEŞEKKÜRLER İLGİNİZ İÇİN...	Sad
Ürün orjinal ama geç kargo	Neutral
Ürün hasarlı elime ulaştı.Kavanoz kırılmış olarak teslim edildi.Urun çöpe gittim	Neutral
Barlar çok dandik	Happy
Ürün görseldeki gibi aynı ancak parlaklık yok bu parayada ancak bu gelirdi ancak sagıcı ile iletişim kuramıyorsun aracımın modelini söylememe rağmen yanlış geldi bende uzunlarda kullandım. Daha kaliteli ürün alınabilir	Neutral
Ürün düzgün bir şekilde geldi.	Happy
Beni rezil eden bi satıcı oldu..Ürünün çok acil elime ulaşması gerektiğini satıcıya mesaj attım.Tamam şu gün dedi kargolamadı. Son gün kargoya verdi.Kargo zaten 4 günde getirdi.İlk defa bu derece mağdur oldum.Bu satıcıya yakışmadı.Tavsiye etmiyorum ------	Sad
Paket &#128078;	Happy
urun eksık geldı ve halen eksik parça bır hafta oldu ulaşmadı...	Sad
Kargoda sorun çıktı kimse tarafıma ulaşmadı satıcı numarasını bularak kendim ulaştım.site üzerinden attığım mesaja günlerce kimse dönmedi. memnun kalmadım	Sad
Hediye paketi rica ettik cevap bile vermedi. Urunu faturasiz gonderdi.	Neutral
bana bu vites topuzunun benım araca uyumlu oldugunu soylenılmesıne rahmen vites topuzunu kullanamadımaracımauyumlu cıkmadı.	Sad
Gayet iyi fiyatına göre güzel	Happy
Beden tam uyumlu.	Happy
Urun çok dandik	Happy
Sağlam teslim aldım paketleme özenliydi.kargoda sıkıntı yaşadım satıcının kabahati değil. kargo firmasının eksikliği.saticinin gönderirken üzerine telefon ihbarli yazdığı halde kargo geliyor evde yokum diye 2kere geri dönüyor aramak akıllarına gelmiyor.	Sad
NİYE ACABA OLUMSUZ YORUMLARIN YAYINLANIYOR ÇOK MERAK EDİYORUM.AYNI GÜN KARGO DENİLMESİNE RAĞMEN BIRAKIN AYNI GÜN KARGOYU 2 GÜN SONRASINA BİLE ÜRÜNÜ GÖNDERMEDİLER ÜSTELİK MESAJLARIMA CEVAP VERMEMELERİ DE CABASI KESİNLİKLE TAVSİYE ETMİYORU.	Sad
sipariş ettiğim ürün gelmedi, satıcı geri gönder dedi ama benim istediğim ürün tülenmiş	Neutral
Ürün gayet güzel. Hiç bir şüpheniz olmasın. Bulup bulabileceğiniz en düşük fiyatlı 16 gb micro sd kart. Tereddütsüz tavsiye ederim. Tek sorun ise ürünün kargo kargo kısmında Yurtiçi Kargo ile kargolanıyor yazması ama Sürat Kargo ile kargolanması.	Neutral
Cok gec yetisiyr elime	Neutral
formlu diye gönderdiklkeri çıtalar alalede kesilmiş düz çıta çıktı üstelik almadan önce mesaj yazıp sormustum	Happy
Hızlı kargo, hızlı cevaplar. Teşekkürler.	Happy
Çok hızlı bir şekilde elime ulaştı. Herhangi bir sorun yaşamadım. Teşekkürler	Sad
özenli ambalaj, hızlı kargo, çok teşekkürler.	Happy
Ürünü henüz kullanamadık ama kargolan ma işlemi çok hızlı	Neutral
Siparişimden sonraki ikinci gün ürün bana ulaştı. Müthiş hız. Teşekkürler&#128079;	Neutral
phşo gp8hğ	Happy
Ürün iyi gözüküyor fakat satış sonrası mağazanın iletişimi kötü. Ürün elime geçtikten sonra sorduğum soruya hala cevap alamadım.ürünle ilgili birkaç sorum vardı ama cevap verilmediği için öğrenemedim.İlginiz ürünü satana kadar olmamalı.	Neutral
hızlı kargo ve güzel paket için teşekkür ederim	Happy
Hızlı kargo.saglam ürün.tesekkurler	Happy
Kesinlikle öneriyorum ürün ekstra kaliteli mağaza zaten fazla söze gerek yok teşekkürler gittigidiyor&newyorker34	Happy
KARGONUZU DEĞİŞTİRİN ÜRÜN PROBLEMSİZ	Happy
Ürün resmindeki renkde değildi	Happy
Yağ üzerindeki tarih 06.17 idi, sitesinde raf ömrü 10yıl yazdığı için pek onemsemedim . dışında paketlenmesi falan sorunsuz.	Sad
Faturamı göndermedi,daha sonra faturasının olmadığını belirtince elle doldurulmuş fatura gönderdi,ürünün orijinal olmadığını düşünüyorum	Sad
Hızlı kargo. İlgili satıcı. Çok teşekkür ederim.	Happy
Teşekkürler	Happy
Ürünün fiyatındanda anlayacağınız şekilde muntazaman bir ses kalitesi beklemeyin. Bluetooth konusunda başarılı, şarjı henüz tam performans deneyimleyemedim. Ürünler sorunsuz elime ulaştı. Satıcıya teşekkür ediyorum.	Sad
Hiçbir mesaja cevap vermiyor satıcı, kargo bilgileri yanlış ürün çok geç geldi.	Sad
Aynı gün ücretsiz kargo yazıyor satış seçeneğinde ama kargo parası ödemeli geldi . Ürün sağlam çalışıyor erken teslimat .	Neutral
Asics marka ayakkabılar Türk ölçülerine göre en az bir numara kadar küçük. Bunu bildiğim için bir numara büyük sipariş ettiğim halde o bile küçük geldi. Satıcının veya aracının kusuru değil elbette ancak Asics marka ayakkabı alacaklar bu konuya dikkat!!!	Neutral
Teşekkür ederim.	Happy
orjinal ürünün fiyatıyla kıyasladığınızda güzel bir fiyat. İşinizi görebilecek bir ürün.	Happy
urun kırık geldı	Happy
ilk defa gitti gidiyordan ürün aldım.ürünün tanıtımında orjinal yazıyordu.ürünün orjinallikle bir alakası yok.	Happy
Ürün gec geldi.	Neutral
Ayakkabinin ucunda yapiskani kumasina bulasmis bir sekilde geldi. Insallah kullanirken kusa surede deformasyona ugramaz.Ilk kez bir Superga'da boyle birsey goruyorum. Umarim gercekten orjinal ve saglam urundur.	Neutral
çok iyi bir firma teşekkür ederim	Happy
makine fena değil ama hafif tüy bırakıyor	Neutral
ÜrünSorunsuz Elime Geçti Herkese Teşekkürler.	Happy
nötr	Happy
Orijinal değil	Happy
Ürün beklediğim gibi çıkmadı boşluk kısımları yağmur luk kumaştan sert bir cisme temas etse yırtılacak gibi kusura bakmayın ben komple standart süet sandım	Sad
Notr	Happy
Çok geç geldi verdiğim sipariş	Neutral
Ürün faturası yok gelmedi Gelmesi uzun sürdü	Sad
Kullanım kılavuzu yok ve garanti belgesi yok	Happy
ÜTÜNÜN İÇİNDE SU VARDI KULLANILMIŞ YADA DENENMİŞ ÜTÜ YOLLANMIŞ.BURDA UPS KARGO UZAKTA OLDUĞU İÇİN ONAYLAMAK ZORUNDA KALDIM ALICILARIN DİKKATİNE...!	Happy
Ürünüm hızlıca servis tarafından getirildi ve kuruldu. Teşekkürler	Happy
Olmauz vermemin sebebi kargo sirketinin sorumsuz olusu bide kargo dalga gecer gibi telefon acip gelin alin demeleri Eger alisverislerinizde kargo sirketi aras ise bi daha dusunun derim hizmet kalitesi cok kotu	Sad
Stıcının sorunu yok ama kargo çok sıkıntılı başka bir kargo şirketi ile anlaşması avantajına olur.	Neutral
Ürün çok inçe bagaçj havuzu tam oturmuyor	Sad
Olumlu	Happy
Güzel bir ürün parasının hakkını veriyor ama paketleme çok kötü geldiğinde kutu açıktı	Neutral
urunun kodunu girip onaylatim. urun orjinal ancak tester urunu.benim icin sorun olmadi. alacak olanlarin bilmesini isterim.	Neutral
1 hafta oldu hala gelmedi	Sad
Paketleme biraz amator onun disinda sorun yok	Sad
Kaliteli urun, hızlı kargo	Happy
179 liraya aldım 149 liraya düşürdüler bi gün sonra	Neutral
çakmak soketi çok fazla ısınma yapıyor.fiyat iyi yalnız	Neutral
Güzel ürün, teşekkür ederim.	Happy
Sarj cihazi kablosunda yüzülme vardi	Sad
kargo 5 günde geldi satıcıda sorun yok ama aras kargoyu hemen bırakmallısın	Neutral
ÜRÜN HEMEN KARGOLANDI VE COK GÜZEL PAKETLENMİŞ AYRICA YANINDA MİNİK BİR HEDİYE DE GELMİŞ.MAĞAZAYA ÇOK TEŞEKKÜRLER	Happy
Urun faturasi gelmedi	Sad
Ürün xioami note 4 x olarak geldi Allah'tan mediatek değildi aynı olduğu için geri göndermedim kutuya hatirlatmamdan dolayı iki adet dönüştürücü koymuşlar silikon kılıf 4x uyumlu değil global sürüm sıkıntı yok şimdilik kutu üstünde note 4 yazıyordu	Sad
Başarılı ürün Başarılı teslimat	Happy
Ürün 1 haftadan fazla sürede geldi	Happy
Teşekkürler	Happy
Urunler siparis ettigim gibi aynisi geldi tabletime de uydu begendim tavsiye ederim tesekkurler.	Happy
Teşekkürler	Happy
Üründe eksik parça var .	Neutral
Ürün çok büyük...L beden yazıyor ama 3 XL Öğretmenler günü için aldım...iade Edemedim.mecburen terziye yaptırdım	Neutral
Hızlı kargo teşekkürler.	Happy
Çok memnun kaldım, teşekkürler.	Happy
Göndermediler, yazdığım mesaja cevap da vermediler.	Sad
her şey mükemmel,teşekkürlerimle...	Happy
teşekkürler	Happy
Ürün geç geldi. İletişime kimse geçmedi. Firma biraz duyarsız. İlk ve son alışım.	Sad
Teşekkürler.	Happy
Urunde yirtik var	Happy
süper hızlı kargo,düzgün ambalaj, ilanda belirtilen ile aynı ürün 24 saatten önce ulaştı.	Happy
Kargo çok hızlıydı ama ürün kedimin tüylerini toplamıyor	Neutral
Plastik kapak kapanmadi biraz daha ufak olsaydi yuvaya tam oturucakti	Sad
Şljjl	Happy
LOGITECH ÇANTA DİYE BELİRTİLEN ÇANTANIN LOGİTECH İLE ALAKASI YOK. GÖNDERİLEN ÇANTA, 10 LİRALIK ÇANTA. ÜRÜNÜN KARGOLAMA SÜRECİ BERBAT Kİ TAHMİN EDİYORUM ÜRÜN ELLERİNDE KALMADI AMA PARAYI KAÇIRMAMAK İÇİN PİYASADAN DANDİK ÜRÜN TOPLANDI GÖNDERİLDİ KÖTÜ SATICI	Sad
Ayakkabı numara değişimi diye geri gönderdik para iadesi yapmışlar onca beklemeye rağmen istesek yapmazlar ilginç netten ayakkabı almamak lazımmış	Sad
Ürün megane 2 hb e göre değil. Satıcı ise saygısız ve seviyesiz.	Neutral
Çok hızlı geldi &#128077; şimdi kullanacağım bakalım	Happy
Gümüş istedim gold rengi geldi	Happy
Kutu ezilmişti	Happy
teşekkürler.	Happy
Oyuncak Çok kaliteli değil	Happy
Korgo ucreti	Happy
güzel ayakkabı ama harika değil	Neutral
Sızma yapmış ürün 7 ağustos 2017 üretimi Kasım aralık bari olsaydı. Neyse deneyecez bakalım.	Sad
satıcı hemen cevap veriyor, ürün elimize hızlıca ulaştı.	Happy
tşk	Happy
İlgili satıcı. Güzel paketleme. Resimde görünen ve açıklamalardaki ürünün aynısı geldi. Bana gelen ürün 2017/09 tarihli. 5 yıl raf ömrü olduğunu düşünürsek, 1 yıl çok normal. Teşekkürler.	Neutral
Üründe sıkıntı yok kaliteliye benziyor ama kargo firmasıni degiştirin bence adresime getirmediler ben gidip aldım çok yoğunlarmiş.	Neutral
Ürünü sipariş vereli 10 gün oldu kargo hala gelmedi, iptalini istedim şimdi de ödeme satıcıya aktarılmıştır diye gözüküyor. Birçok kez satıcıya mesaj gönderdim cevap gelmedi. Resmen dolandırıcılık bu yazıklar olsun.	Sad
Teşekkürler	Happy
Püskülleri çıkmadı kargodan birkaç vida eksik geldi bisiklette sorun yoktu	Sad
Ürün gayet güzel gözüküyor akşam sipariş verdim ertesi gün kargoya verildi kargpya verildikten sonraki gün elime ulaştı	Happy
teşekkürler	Happy
Geç kalma	Sad
Çok Güzel olmuş Teşekkürler Arkadaşlara İlgi alakada 10 numara bu arada	Happy
Yjmhıl	Happy
Çok güzel teşekkürler	Happy
Sag ayakkabi ic yuzeyinde dikis hatasi mevcut korayspor dan degisim talebinde bulundum K	Happy
ben ürünü kalitesine göre biraz pahalı buldum.	Happy
orijinallık konusunda pek emin olamadım. Ama inşallah yanılıyorumdur...	Neutral
Ambalaj kutusu ezikti.Daha dikkatli sarıkabilirdi.Kargolama hızlıydı..	Sad
Ürün çok kullanışlı değil.	Happy
Ürün güzel iş görür kargo hızlı fakat faturasız geldi garanti belgesinde keşe imza hiçbir şey yok.	Neutral
merhabalar , sadece beyaz taşla olan aksesuar istemiştim. Renkli gönderilmiş :(	Happy
kargo ücreti olması hoşuma gitmedi	Sad
görsselde yazan ürünü gönddermedi iade etmedim çünkü başka müşterime sattım...	Sad
Böyle bir üründe tek beklenti vaat edilen tarihte kargolanması olur diye düşünüyorum.1 gün geç kargolandı ama ilgililerdi ve gereken açıklama tarafima yapıldı.Memnunum (:	Sad
Sesi biraz boğuk çıkıyor müzikleri pek güzel değil ve uçakları sert plastikten o yüzden beşiğe koyup.cikarirken kafasına değecek diye korkuyorum beklediğim gibi bi ürün çıkmadı.	Neutral
Ürün hızlı bir şekilde kargoya verildi. Kutusunun içerisinde gerekli her şey ve garanti belgesi vardı. Fakat ürünün kutusu biraz zarar görmüş şekilde geldi. Kargo esnasında hoyrat davranılmış diye düşünüyorum.	Neutral
Kargo berbat .urun guzel	Neutral
Teslimat hızlı ama karısık renkler geldi yazdıgı gibi pembe mor degil	Neutral
Ürün boyutu resimde büyük görünüyor ama küçük..ses kalitesi iyi değil	Neutral
ekran camı çizik ve kapak kapanmıyor.	Sad
Ekran koruyucu tam olmadi. P20ye göre evet ama tam uygun üretilmemiş ustten tasiyor az. Bilginize	Neutral
Merhaba, ürünü verdiğim adresten bugün alabildim. Geç onay için kusura bakmayın. ürünler harika. çok beğendim. yıllar önce sizden alışveriş yapmıştım. hala kullanıyorum aldıklarımı. Çok teşekkürler...	Neutral
İyi	Happy
İlgi alaka gönderi hepsi on numara tşk ederim	Happy
Kesinlikle tavsiye ederim özel ilgi özel tasarım yapıldı ve mükemmel	Happy
,	Happy
Hic guzel degil	Happy
ürün eksik....	Neutral
paketleme berbat yağın yarısı yolda dökülmüş. aciliyetim olmasaydı iade ederdim. satıcı bundan sonra daha dikkatli yapsın paketlemeyi.	Sad
Çok iyi.	Happy
Ürün kaliteli f/p telefonu bu fiyata alınacak en iyi telefon bence yalnız kılıf ve ekran kırılmaz cam küçük tavsiye etmiyorum kargo on numara 2 . Gün geldi	Neutral
BEKLENTİMİN DIŞINDA BİR ÜRÜN	Happy
Bu kadarıda pes yani ne biçim iş bu urunu alıyom iptal ediyor	Neutral
Daha öncede kullanmıştım tavsiye ederim.	Happy
Ürünü zamanında kargoya vermediler. Mesajlarıma bile cevap vermediler. Müthiş kötü bir firma	Sad
Ürün kenarları silindir şeklinde olan beşiklere uyumlu değil	Happy
Kargo şirketleri iyi değildir	Happy
Iyı	Happy
Gecikmeli kargo ve bernat yurtici kargo !	Neutral
standart uygulamalar,tşk	Happy
Cihaz güzel ama kargoda kutu ezilmiş.daha güzel paketlenebilirdi.	Neutral
Kapaktaki fotoğraf düzgün kesilmemiş ve düzgün yapıştırılmamış.	Sad
ürünü paketlememiş. sadece streç film ile sarmış.	Sad
Kargo teslimatı çok geç	Neutral
TEŞEKKÜRLER..	Happy
teşekkürler	Happy
Sorunsuz alışveriş	Happy
Kar zinciri aldim.baska adrese yolladılar.kargo takibi ile zor elime geçti.gelen kar lastik zinciri tandik bisey.20 metrede çoğu koptu.	Neutral
Fena degil	Happy
Siparişin çok geç gelmesi, satıcının bu konuda bildirim yapmamıza rağmen geri dönüş yapmaması, kargo firmasının ürünü adrese teslim etmemesi şubeden alınacak diye gönderi yapılması... bu nedenlerle olumsuz puan verdim.	Sad
Güzel ürün. İş görüyor.	Happy
Bir kısmı akmış	Happy
Ürün açıklandığı gibi, tavsiye derim.	Happy
Bir önceki üründeki problem çözüldü ve sorunsuz iade ettik. Tekrar aldığımız ürüm sorunsuz ve hızlı elime ulaştı.	Neutral
ilği alaka için tşkler	Happy
Ben ürünü almadığım halde para satıcıya nasıl aktarılıyor ben iptalini yaptım başka ütünü iptal ettiniz	Sad
Film kalitesi oldukca kotu	Neutral
Gayet iyi. Çok fazla güç kullanmadan çamaşırlarınızı düzleştirebiliyorsunuz. Siparişten 5 gün sonra elimize ulaştı.	Happy
????????????	Happy
Beklediğim kalitede değildi. &#128532;	Happy
Oyuncak hatalı geldi nasıl degistirebilirim	Happy
PLAĞI ÇALDIĞIMIZ ZAMAN CIZIRTILARI ÇOKFAZLA AMA GENEDE DİNLENİYOR	Neutral
tesekkurler.	Happy
kargo ücretsiz olması gerekirken parası bana yansıdı	Happy
Hızlı alışveriş.	Happy
teşekkürler...	Happy
kargom 1 hafta boyunca göderici şubede bekletildi.aradığımda telefonlara çıkmadı.kargo şubesi de telefonlara çıkmıyor.adakent şubesi berbat gerçi aras kargo olduğunda insan şaşırmıyor.ilgisiz satıcı	Sad
Malzeme kalitesi iyi değil	Happy
Beklentimi karsilamadi .	Sad
ÜRÜN BEKLEDİĞİM KALİTEDE VE RENKTE GELMEDİ RESİMDE KARBEYAZ GELEN KIRIK BEYAZ AMA SATICI UZLAŞILABİLİR BİRİ MSJLARIMA CVP YAZDI	Neutral
MNG KARGO CANINA OT TIKAMIS KATLAMIŞLAR ZOR DÜZELTTİM. MNG Yİ BIRAKIN YA DA UYARIN ABİCİM.	Neutral
Ürün ayağımı sıktığı için bir numara büyüğünü talep ettim , 5-6 tane değişim yapılacaktır mesajına rağmen para iadesi yapılmış, iade sürecindede 1 hafta istediğim 42 numarası bitmiş,	Neutral
Ürünü karilmaz camlı aldım kırılmaz cami çıkmadi satış ayıbı	Sad
Notr	Happy
Hizli kargo guvenilir satici tskrler	Happy
Çabuk geldi fakat ürün bir ise yaramiyor	Neutral
Resimdeki gibi değil kandırıldım	Happy
Beğendim	Happy
Sayfaları eksik geldiğinden olumsuz diyorum.	Neutral
Ürün görselinde anlatıldığı gibi. Tsk	Happy
ürünü sorunsuz olarak kabul ettim teşekkürler	Happy
Parfüm kullanılmış diğerleri iyiydi	Happy
Urunu almaktan vazgecmeme ragmen satici kargoyu gonderdi gonderdigi urun sanki defolu gibi tuhaf bir urundu	Sad
Elektrikli ile şarj çalışması fakli 38 tl kargo dahil güzel tasarım Daha az fiyata bulursanız kaçırmayın derim güzel çalışıyor başlıklarını denemedim	Neutral
orjinal	Happy
Beklediğimden büyük bir maşa ve sağlamlığından emin değilim umarım ileriki dönemlerde arıza yapmaz. Onun dışında doğal dalga yapıyor ama ince telli saçlar için dalga ne kadar uzun süre dayanır bilemiyorum.	Neutral
kaliteli ürün ama yanlış numara geldi ve değişimi uzun sürdü	Neutral
İlgili,kaliteli ve güvenilir :)	Happy
geç kargoya verildi	Neutral
Satıcı beni kandırıp satışı durdurdu.Kur farkından dolayı satışı iptal ettiler.Ben madur	Neutral
teslimata geç verildi	Neutral
Urun çok kotu	Neutral
üründen çok memnun kaldık, satıcı sağolsun çok ilgili, kargonun biraz erken verilmesini talep ettim ve bu istediğimi yerine getirdi, teşekkür ederim	Happy
Ürün ve satıcı gayet olumlu	Happy
Kesinlikle önermiyorum. Gelen ürünlerin içleri yarıya kadar boş.. Sakın almayın..	Sad
Ürünün üretim tarihi 19.08.2015 , raf ömrü 5 sene yazsa da ne kadar etkili olur bilmiyorum. 2. nokta kapaktaki etiket kapak açılmış gibi yırtık ama ağırlığına bakarak kullanıldığını ( iade ürün olduğunu ) düşünmüyorum. tespitlerim bu kadar	Sad
2.3 Ghz işlemci beklemeyin 1.8 getiyorlar	Sad
ürün 10 günde kargolanamadı mesajlara cevap bile yok, tavsiye etmiyorum	Sad
Ayakkabı fiyatına göre rahat ayakkabı değil	Happy
arkadaşlar kesinlikle alış veriş yapmayınız berbat bir müşteri anlayışı sorumsuzluk zaten her yerede yazıcam KESİNLİKLE KORAY SPORDAN ALIŞ VERİŞ YAPMAYIN telde kemal bey her ne kadar durumu kurtarmaya çalışssada kurataramadı sakın sakın alışveriş yapmayın	Sad
ÜRÜNÜN KUTUSU TOZLU VE AYAKKABIDA KÜÇÜK LEKELER VAR.	Happy
zamaninda sorunsuz teslim,teşekkür ederim.	Happy
Gelen DVD üzerinde bir sürü çizik vardı. Bu ürünü çok temiz olarak nitelendirmemek lazım.	Neutral
Nazik bir satıcı; ancak kusurlu ürün gönderdi.	Neutral
ÜRÜN ZAMANINDA GELDİ.TEŞEKKÜR EDERİM	Happy
Faydası yok aynı şekil devam ..	Happy
hal nerede bilmiyorum kargom	Sad
Ürün ü göndermediler beni oyaladılar	Sad
Ürün güzel. Ancak, fermuarının motoru çıktı. Kontrolü iyi yapılmamış. Bilginize.	Neutral
Teşekkür ederim sürekli kullandığım klasik bir parfüm.	Happy
Siyah seçtik Kahverengi ayakkabı gonderdıler.. Tavsiye edilmez.	Sad
Faturasız ürün geldi.	Happy
Çok geç geldi.	Neutral
Olmadı gerektiği gibi	Sad
özenli kargo teşekkürler	Happy
BU GÜZEL OBJE İÇİN TEŞEKKÜRLERİMLE...	Happy
Ürünü dün vermiştim siparişi bugün elime ulaştı hızlı kargo için tşkler...	Happy
İstediğimiz gibi çıkmadı	Sad
.	Happy
Kargo hızlı geldi ama oyun kutusunun paketi hasarlı idi. Ambalajı açınca fark ettim. Kargo firmasında hasar görmüş de olabilir. Baloncuklu poşetle kutulanarak gönderilseydi köşelerden ezilmezdi. Gönderimi yaparken daha özenli olabilirsiniz.	Neutral
Gerçek kondisyonlar, hızlı ve sorunsuz sipariş. Teşekkürler	Happy
Hızlı kargo sorunsuz ürün ve teslimat	Happy
2 tane sipariş etmiştik biri siyah biri altın rengi olacaktı ikisi de altın rengi gelmiş ayrıca ikisini tek olarak paketlemedikleri için 2 kargo ücreti verdik	Sad
BU KADAR ARIZALI Bİ SATICI OLAMAZYA İKİ URUN ALIYOM AYRI AYRI KARGO UCRETİ ODETİYOR BU KADAR SAÇMALIK OLABİLİR Mİ KARGOLARIMI AYNI PAKETLE YOLLA DİYOM ADAM MESAJLARA BAKMADAN GÖNDERİYOR ARKADASLAR BU SATICI DURUST DEĞİL KİMSEYE TAVSİYE ETMEM	Neutral
Çok teşekkür ederim.	Happy
Satilan ile gelenler farklı tavsiye etmem!!!!!!!	Sad
Defolu ve çalışmayan ürün geldi. En azından üstünde ki ağır darbe izlerine ve kırık parçalarına rağmen çalışmasını isterdim.	Sad
"3 lastik 2017 50. haftasi, 1 lastik ise 2017 10. haftasi uretim olarak geldi. Hakkari""de oturdugum icin iyi ambalajlanmasini rica etmistim ama tek kat strec sarilip gonderilmis, kargoda parcalanmis strec tabii ki. Onun disinda urunlerde sikinti yoktu."	Neutral
Ürünü annem için sipariş vermiştim, paketlemenin çok iyi olduğunu söyledi ancak henüz kullanmamışlardı. Fakat Sürat Kargo ile gönderilmişti; kargo hizmetleri çok kötü. Ürün ailemin bulunduğu ile ulaşmasına rağmen birkaç gün kargo merkezinde bekledi.	Neutral
Çok başarılı	Happy
Kargo süresi çok uzun	Happy
Ucuz ama kalite de düşük	Neutral
kargo çok hızlı malzeme çok güzel	Happy
Bu oyuncagon yerine baska oyuncak gondermissiniz	Happy
Ürün gayet güzel iyi çalışıyor. Tek sorun kutusunun ezilmiş olması Aras kargo kargoyu özensiz taşıyor.	Neutral
Ellerinde olmayan renkteki ürünleri satıyorlar daha sonra diğer rengini göndersek olur mu diyorlar tabiki olmaz sayfanızı güncel tutun bu arada mesajlarada geç cevap veriyorlar.önermiyorum satıcıyı	Sad
Kitap elinizde bulunmuyorsa neden satışta var olarak koyuyorsunuz!!	Sad
ürünün diğer renk ve bedenlerinin stokları satış ekranına güncel tutulmuyor	Sad
Fena değil	Happy
teşekkür ederim	Happy
Teşekkürler	Happy
Teşekkürler	Happy
Çok teşekkür ederim.. Tam istediğim şekildemiş.. Gecikmeden sorunsuz siparişimi aldım.. :)	Happy
resimdeki şişe boyudu deniz yıldızı filan alakasız beklentim bu resimdeki gibiydi ama hayal kırıklığına uğradım kolay gelsin iyi çalışmalar	Neutral
gerçek tiger a benzemiyor	Sad
Almayın kargo Kitaptan pahalı	Sad
Cok guzel tsk ler	Happy
Ürün çok kalitesiz dandik ne yazık ki	Neutral
Plakaları köpük veya süngere sara bilseydiniz daha iyi olurdu	Happy
Ürün eksik geldi.Kendilerine mesaj yazdım cevap vermediler,Telefonla firma yetkilisini (N****n )buldum aradım durumu anlattım,Size döneceğiz dediler,dönmediler kesinlikle kimseye bu firmayı tavsiye etmiyorum.Bana göre ticari ahlakları zayıf	Sad
satıcıdan aldıgım paspaslar aracıma goreydı fakat bagaj havuzu arac için tasarlanmamıs kesmek durumunda kaldım	Neutral
Daha iyi paketlenmesi gerekirdi. Onun dışında memnun kaldım	Happy
hızlı kargo kaliteli bir ürün teşekkür y	Happy
Bu urunu ikinci defa siparis veriyorum ve gelmiyor. Neden bu kadar bekletilip siparisim iptal ediliyor merak ettim . Sorumlu siz misiniz yoksa satan firma mi	Sad
Satıcı kullanılmış mal gönderdi birdaha asla	Happy
2015 üretimli taze parfüm geldi, teşekkürler.	Happy
teşekkürler.	Happy
Hepsi de temiz, açıklamada olduğu gibi. Teşekkürler. .	Happy
Kargo şirketi değiştirilmeli	Happy
Çok geç geldi	Neutral
Ekranda gördüğümüzden daha güzel.Teşekkürler	Happy
ürün ya satıcı yada kargo firması tarafından ilk önce yanlış adrese (yanlış ile) gönderildi. ürün doğru adrese geldiğinde ise kapağından sızıntı yaptığı ve 1 lt kısmının döküldüğü görüldü. bunun haricinde ürün satıcı tarafından zamanında kargoya verildi.	Happy
Ürünler fiyatına göre çok kalitesiz. Uzun kargo süreci ve tavsiye edilmeyen satıcı.	Sad
Ürünü almadan önce sorularım gayet güzel bir şekilde cevaplandı . Hızlı kargo ve güzel bir ürün. 4 bıçaklı ve cam hazne olması çok kullanışlı. Emeği geçenlere Teşekkür ederim	Happy
3 gündür kargoya ürün verilmedi bende iptal ettim çok kötü beğenmedim	Sad
Satıcıyla aynı şehirde olup ürünü 2 sonra kargodan teslim almak beni düşündürdü... ayrıca internette izlediğim videolarda ısı ayarı 90 derece çıkarken gelen makinada 95 dereceye kadar ayar var ama düğmeyi 80 den yukarı dönmüyor...	Neutral
...	Happy
Soguk havada ayajlari fazla sicak tutmuyor	Happy
Resimdeki gibi parlak değil	Happy
Teşekkürler	Happy
Ürün birgün sonra kargolandı. Açıklamada ışıklı diyor gelen ürün ışıksız. Marka olarak Vardem yazıyor ama gelen marka cartoon oyuncak. Kalitesiz bir ürün kapaklardan biri ilk günden kırıldı. Önermiyorum.	Neutral
.	Happy
Çok iyi	Happy
Yanlış renk geldi yolladım değişim için hala dönen olmadı 1 hafta oldu.	Sad
ellerinden geldigince cozum bulmaya calıştılar, çok kibarca. sorun çözüldü	Sad
ÜRÜN KARGOLANMADI.	Sad
Malesef özellikle mesajla belirtmeme rağmen yine beyaz dikişli geldi. Kargo uzak olduğundan gitmek işime gelmedi. Mecburen onay verdim. Ama istediğim ürün gelmedi. Başka bir satıcıdan temin ettim.	Sad
Kaliteli , hızlı ve güvenilir satıcı. Teşekkür ederim.	Happy
teşekkürler	Happy
Teşekkür ederim..	Happy
fiyatına göre gayet iyi ancak çok sesli ve Garanti belgesi elime ulasmadi	Neutral
Cihaz hersey de ötüyor televizyona yaklastiriyorm 20cm uzaktan otmeye basliyor.yan yana uc dort tane kablo olsa hangisinde elektrik yok onu bulamayiz. Sadece o bolgede elektrik var mi yok mu onu bulabiliriz ancak	Sad
Dar kalıp ayakkabı ona göre alın 1 numar büyük alın	Happy
İstediğim gelmemiş baska bir yayın evinin gelmiş ama kullanıslı,o nedenle sorun etmedim	Sad
NEDEN BENİM ÜRÜNÜ ONAYLAMAM GEREKİYOR .ALIŞVERİŞ SIRASINDA BU BANA NEDEN BİLDİRİLMEDİ	Sad
KARGO ÇOK GEÇ VERİLDİ	Neutral
Ürün söylendiği gibi geldi.Fakat geç geldi.	Neutral
Hızlı kargo güzel paketleme teşekkür ederim satıcıya	Neutral
Beklentilerimi karşılamadı ama idare eder.	Neutral
memnunum teşekkürler	Happy
Kitap orijinal paketleme özenli hatta süslü bile denilebilir minik hediye içinde ayrıca teşekkür ederim	Happy
Ürün aracıma uymadi iade ettim lakin 8 gün geçmesine rağmen tarafıma para iadesi yapılmamıştır	Sad
Ürün sıkıntılı kırık geldi bide düğmesi şase yapıyordu iade yaptim	Happy
ürünü kısa sürede elime ulaştı	Happy
Güzel	Happy
Kalip dar galiba biraz 42 aldim ayaklar pert galiba kullanamicam	Happy
kargolanmadı kargolanmada çok gecikti hiç memnun kalmadım	Sad
ürün çok kısa zamanda elime ulaştı çok teşekkür ederim	Happy
Urun harika satıcı tırt	Happy
mükemmel	Happy
urun güzel markaya takılmayın çoğu bilindik markalara göre daha güzel tavsiye ederim	Happy
Oyuncak çok küçukmus	Happy
Ürün kesinlikle orjinal değilll ! Kargolama hızlı	Happy
ürün özenle paketlenmiş.hızlı kargo için teşekkür ederim.	Happy
Kargoda sorun yadadim	Happy
Aaa	Happy
Aynanın görüntüsü yok. İade edemiyorum çünkü ilk iş halısını yıkamıştım:( onun dışında eksiği yoktu.	Happy
3 başlık geldü bana normalde 2 tane daha olmalıydı galiba. Kutu yıpranmış geldi, sorsak alıcı kargodan dolayı der ben bilmem arkadaş bana öyle geldi. Elektronik ürün satıyorsun fırçala kargocuyı ozaman. Yada değiştir. Ürün iyi kesiyor 2 numara iyiydi yani	Neutral
İdare eder	Happy
Parfüm bilindik üzere fevkalade mağazamızda aynı şekilde hızlı teslimat. ??	Happy
Tabani kaucuk ve ilk giymemde uzeri yirtildi tavsiye etmiyorum...	Sad
Musteri ilgisi 0	Happy
Güzel ürün. Iyi satıcı	Happy
Hediyesi için tşkler hızlı kargo gorseldeki gibi	Happy
Hızlı bir şekilde ulaştı. Teşekkür ederim.	Happy
Satışa sunulan ve bilgileri girilen kitabı göndermediler. 13. Basım kitap geldi. Fotoğraftaki ve bilgilerdeki 6. Basım. Tavsiye etmiyorum. Alay edercesine bir hareket.	Sad
Teşekkürler	Happy
Ürün fotoğraflardaki ve anlatıldığı gibi elime ulaştı	Happy
Kargo gecikti	Happy
Güzel	Happy
Kargo biraz geçti.Ürün orjinalliği konusunda bişey diyemiyorum zira jelatin üzerindeki bandrolde yerel bir firmanın bandrolü var.Şişesinin alt kısmı da sanki hatalı gibiydi.Yine de olumlu not veriyorum artık onlara kalmış.	Neutral
Olumsuz	Happy
Ürün açıklamasında esnek denmişti fakat gelen malzeme sert ve ince kargodada zaten birkaç yerinde kırılmadan dolayı renk değişimi oluşmuştur.	Neutral
Ürünümü 20.08.2016 sabahı teslim aldık. Çok geç teslimat ve bilgilendirme yetersizliğinden dolayı düşük puan verdim.	Sad
Ürün tam anlamıyla tatmin edici deği, kullanma kılavuzu yok, nasıl kullanılması gerektiği hakkında hiçbir bilgi yok ve ingilizce, arapça yazıyo her şey kutunun üzerinde	Neutral
fiyatı kadar ürün pek kullanışlı değil tavsiye etmiyorum	Sad
Sorun yok...	Happy
Ürün elime ulaştı teşekkür ederim paketleme çok güzel olmuş hayırlı günler bol kazançlar dilerim	Neutral
Missliva'dan ilk alışverişim değil muhtemelen son da olmayacak. Öneririm.	Sad
Teşekkürler	Happy
OLMAYAN ÜRÜNÜ SATIŞA KOYMASI ANLAŞILAMAZ BİR DURUM. GİTTİGİDİYOR ÜYELERİNE SAYGISIZLIK.	Sad
Gelen ürün oldukça kalitesiz ve paketi yeni acmama ragmen kirliydi. Bence bu fiyati haketmiyor.	Sad
Adres yanlış girilmiş başka kargo firması ve yanlış adrese gonderilmiş 1 gündür kargo arıyorum işlerini düzgün yapmıyorlar alıcı arkadaşlara sparißi verirken dikkat edin alakasız yere kargo gönderiyolar uğraşırsınız	Sad
TEK KELİMEYLE HER ŞEY MUHTEŞEM,TEŞEKKÜRLER.	Happy
Satıcı elinde olmayan ürünü satışa çıkarıyor.siz sipariş verdiğiniz de araştırıyor,bulursa gönderiyor,bulamazsa bir özür, siz boş yere ürünün gelmesini bekliyorsunuz En kötüsü de paranın hesabınıza yatmasını bekleyeceksin iz. Olmaz olsun böyle satıcı.	Sad
ÜRÜN GÜZEL KARGO ÇOK PROBLEMLİ	Happy
İyi	Happy
Satıcıyla iletişim sıfır, gönderilen mesajlara cevap bile verme zahmetinde bulunmuyor cihaz gec geldi...	Sad
Ürünün geç gelmesi dışında bi sorun yok	Neutral
Hızlı&#128521;	Happy
.	Happy
Sudan farkı yok kesinlikle önermiyorum	Sad
Ürün parçaları düşmüştü ambalaj yetersiz	Happy
Kaç gün oldu bir kargoya veremediniz	Neutral
Kargoşu ilandaki fiyat değil.çalıştığı kargo anlaşması var ama kargo verirken alıcının 5 tl altında fiyatla teslim alacagini sanıyor.fiyat 13.5 tl alıcıyi hiç düşünmüyor.umrunda değil.alışveriş yapmayın..	Sad
FILMMMM EN KALITESIZII CAM SIL SIKILDIGINDA ANLADIMM BOYASI CIKTII AKIYOOR SUYLA BERABER BUNLAR HAKKINDADA YORUM GORMEDIGIMDEN DOLAYI ALMIS OLDU VE SARI OLAN CEKME APARAT YERINE COK KUCUCUK MASALLAH DUKKAN KARTI GIBI GONDERILMISTIR	Sad
Ürün sessiz çalışıyor.Ama ayak kısmında görünmeyen bir yerinde kırık çıktı.Sıkıntı oluşturmadığı için kullanmaya karar verdim	Sad
Paten güzel, lakin yanındaki koruyucu ürünler çok dandik &#128530;	Neutral
sipariş verdikten 2 gün sonra sizi arayıp elimizde ürün kalmadı diyorlar ama hala ürünleri satışta gözüküyor size daha düşük paraya olan bir ürünü öneriyorlar. dik durun sonunda mecburen aldığınız ürünü gönderiyorlar.	Neutral
Çok geç teslim aldım ve attığım mesaja geri dönüş almadım!!	Sad
İLGİLİ SATICI KALİTELİ VE UYGUN FİYAT ÜRÜN. TEŞEKKÜRLER.	Happy
FOTOĞRAFTA DURDUĞU KADAR HOŞ DURMUYOR VERİLEN PARANIN KARŞILIĞI OLDUĞU DÜŞÜNÜLÜR. FOTOĞRAFTA GÖRÜNDÜĞÜ KADAR BÜYÜK DEĞİL. HEDİYE OLARAK ALMIŞTIM BENDE FOTOĞRAFTA GÖRDÜĞÜM ETKİYİ BIRAKMADI	Happy
Fatura tarafıma çok geç ulaştı sürat kargo haricinde iyi bir satıcı	Neutral
Ayakkabının burun kısmı sürtünme sonucu çok değil ama yine de zarar görmüş. Sanırım kontrolsüz gönderim yapılmış :(	Neutral
teşekkürler	Happy
super hizli kargo	Happy
Aynı anda 2 ürün aldım ayrı ayrı kargolamışlar...Kargo ücretleri ödemek zorunda kalmak kısmı dışında ürünler iyi.	Happy
Üründe satıcı nedenli olmasa da eksiklikler var	Sad
aynı ürün gelmedi	Sad
Ürün ince plastik kalitesiz duruyor ama renk güzel uyumlu tam oturdu kenarlari	Neutral
çok hızlı elime ulaştı	Happy
Sukıştırılmış Demir tozu yazmışlar ama plastiğin içinde kum geldi resmen. Ayrıca elinizde sallarken şıkır şıkır kum ya da içindeki her neyse yere akıyor... beğenmedim kalitesiz... barların içi de dolu değil ayrıca...	Neutral
Resimdeki ürün gelmedi. Resimde alt tarftaki tuşun çevresini kaplarken bana gelen ürünün açık kalıyor. ekranı kaplamıyor. Kesinlikle tavsiye etmiyorum.	Sad
İletisim iyi degil	Happy
Karnına Bebek koyulmuyor kızım için aldım hüsrana ugradım	Sad
Üründe sorun yok ama yurt ici kargo ile calistigi için büyük sorun yaşadık. Geç teslim.edildi	Neutral
Ürün iyi mağaza iletişimi berbat cevap bile yok	Neutral
söz verildiği gibi özenli paketleme zmanında kargolama :)	Neutral
Teşekkür ederim	Happy
İç paspaslar çok ince. Rizline marka değil	Happy
Daha deneyemedigim icin notr diyorum ama paketleme vs cok iyi	Neutral
makina çok fazla ses çıkarıyor	Happy
1 günde geldi	Happy
istediğim kitap gelmiş teşekkur ederim	Happy
Teşekkürler	Happy
Hediye paketi yapılmamış yapılsaydı keşke ypilck demislerdi tek sıkıntım bu oldu	Neutral
3 gunde kargomu gelir.kargo sureci berbat.birdaha tercih etmicem.	Neutral
28/02/2017 sipariş verdim 06/03/2017 itibariyle elime geçti kargoya çok geç verildi ürünü kaliteli ancak iletişim ve kargo berbat	Neutral
Orjinal ürün ve hızlı kargo	Happy
Tek kelime berbat	Neutral
Ayağı çok terletiyor	Happy
Gelen ürün fotoğraftaki görünümde değildi	Happy
2014 uyumlu dediniz sürücü tarafındaki pspas delikleri uyumlu degil	Happy
Nota sehpası aldım, boy ayarlama vidası ikinci gün çalışmadı yalama oldu, iade edeceğim alırlarsa	Sad
Kargoya geç verildi 1 gün.	Sad
idare eder	Happy
.	Happy
Hızlı kargo guvenilir satici, tesekkurler.	Happy
Koltuk olcusu oturmuyor on koltuklara kucuk geldi ama malzeme kalitesi iyi	Neutral
8 yıldır gidigidiyordan ürün alıyorum ilk defa sorun yasadım ve muhatap bulamıyorum.mesaj atıyorum ürünü iade edecegim için muhatap yok.telefon ediyorum açan yok.yanı ben bu ürünü nasıl iade edecegim .telefonu acan olmassa ürün geri gelir	Sad
Parayı aldılar ürünüm gelmedi telefona cevap vermiyorlar ne yapmalıyım	Sad
Urun bes para etmez umdugum gibi cikmadi cok donuyo ve cok kasiyo	Sad
Ürün hala elime ulasmadı	Sad
Diğer ürünler zamanında ulaştı fakat bu ürün için aynı şeyi söyleyemiyeceğim hem ürün kırık geldi hemde geç ulaştı	Neutral
çok beklediğim gibi çıkmasa da iş görür	Sad
Ürün traş etmede iyi gibi. Ama malzeme kalitesi olarak pek hoşuma gitmedi. Tabi bir süre kullanıp görmek gerekiyor. Bu, elime aldığımda ilk vardığım kanaat.	Neutral
Teşekkürler	Happy
Ürün başkığında sağ-sol yazınca iki tane gelecek sandım avantajlı geldiği için sipariş verdim ürün başlıklarının daha açıklayıcı girilmesi gerekiyor	Happy
Nötr.	Happy
Farklı bir ürün yolladilar ugrasmak istemedim	Sad
gayet iyi	Happy
ürünün orjinalliği konusunda şüpheliyim. Lacivert olanını aldım. Daha önce koyu lacivertini almıştım o eskidiği için bunu aldım ayrıca kiremit rengi olan da var onlarla da karşılaştırdım o yüzden şüpheliyim. kutusu da pek sağlıklı gelmedi görünmedi gözüme	Sad
Kullanılmış ürün geldi, iade etmek istedim, 2,3 hafta süren mücadele sonrası parayı otomatik onayladı gittgidiyor. SONUÇ olarak değişim oldu 3 haftanın sonunda. Yanlış yönlendirmeler sonucu saçma sapan kargo firmalarına gittim. Başka yerden alın.	Sad
daha dneeyemediğim için ürün hakkında yorum yapamıyorum ancak hızlı aksiyon aldıkları için teşekkür ederim.	Neutral
İNSANLARI KANDIRIYOR YANLIŞ PARÇA	Happy
Ürün beklediğimden şık ve kaliteli çıktı. 4 yıl garantisi de çok iyiymiş. Satici siparişi hızlıca kargoya verdi ve 2 gün içinde elimde oldu. Sorunsuz alışveriş tavsiye ederim	Neutral
Gelen urunun arac marka ve modeliyle uzakdan yakindan alakasi yok. Ben yinede urunu onayliyorum.Zamaninda geldi fakat kestik bictik uclarindan kirdik o sekilde monte ettik.	Neutral
.	Happy
bulundurmasdıgı ürünü satışa sundu beni oyaladı	Happy
Sanırım ürün yoktu başka bi ürün geldi ancak bi tanede hediye göndermişler...bence çok düşünceli teşekkürler	Neutral
Paketleme çok kötü	Sad
Satıcı kaynaklı değil ama MNG kargo ürünü adrese teslim etmiyor ikinci olarak paketlemeye yeterince özen gösterilmemiş telefon son derece güzel	Neutral
teşekkürler	Happy
Kargo ücretsiz yazıyordu aras kargo benden 6.5 tl kargo ücreti aldı Ürünün kalitesinde sorun yok bu ürünü iyi biliyorum Ürünün ambalajının içinde yağ akmış ambalajında sorunu vardı	Happy
YAKLAŞIK 15 GÜNDE SIRT ÇANTASI TEDARİK EDİLEMEDİ	Happy
Ürün Resimdeki Gibi Gelmedi.Sırf Uğraşmamak İçin Onaylıyorum.Lakin Bidaha Güvenip Burdan Ürün Almıyacağım.	Sad
Kargolanmasi çok gecikti	Happy
teşekkürler	Happy
Hiziniza yetişmek mümkün değil teşekkür ederim.	Happy
Ürün kenar kısımları tutkalli gibi flex yapılmış şekilde geldi önce soğuktan buzlanmis sandım değilmiş personel biraz daha dikkatli olursa firmanın adı lekelenmez	Sad
Ürünün tarakları hiç alakasız	Neutral
MÜKEMMEL ÜRÜN	Happy
ÜRÜN SONRADAN AMBALAJLANMIŞ!!!	Happy
Güvenilir satıcı hızlı kargo..	Happy
Teşekkürler	Happy
Çok teşekkürler.	Happy
Elime ulaşana dek sorun yaşadım	Happy
Sandalyeler sağlam ama oturma kısmında metaller rahatsız ediyor.	Neutral
Sürpriz hediye göremedik, yanıltıcı reklam	Happy
Ürün güzel. Tam uydu. Normal kalitede.	Happy
Satıcıya mesajla soru sormuştum, urunu aldim onaylaonayladım, ama halen cevap gelmedi	Neutral
L	Happy
Ürünün renginin kahverengi oldugu acıklamalarda belirtilmemis, kozmetik urunu oldugu icin iade de yapilamiyor.ayrica urunun paketi uzerinde de rimel uzerinde de koruma bandı yoktu.	Sad
mağazanız her zamanki gibi denenmiş ürün gönderdi..koskaca yıllardır bursada hizmet veren koray spor bunlara muhtaç olmamalı.. kullan denettir.. sonrada başka müşteriye sat yazık..başka siteden verdiğim üründe aynı şekilde kullanılmış ya da denettirilmiş.	Sad
Fiyatı cazip ama Işık’ları sarı yanıyor	Neutral
teşekkürler	Happy
HIZLI GÖNDERİM HARİKA	Happy
dikkatsizlik	Neutral
herşey yolunda	Happy
Tskler	Happy
50 ml yerine 2x30 ml geldi.	Happy
ürün kusurlu çıktı ama satıcı ilgiliydi ve ürünü hemen iade aldı satıcıya teşekkürler ama ürünü önermem.	Neutral
10 gündür bir ürünü kargolamadı en sonda iptal ettik satamayackasan milleti kandırma	Sad
Ürün gayet güzel paketlenmişti not ve kahve jesti güzeldi	Happy
olumlu	Happy
satışa çıkan ürün ile gelen ürün aynı değil, göndereceklerini vaat ettikleri ürün de gelmedi. ama hızlı teslimat yapıldı	Neutral
kargo sıkıntılı gelmiş kırılmış açınca fark ettim uğraşmak istemediğim için tekrar yollamadım.	Sad
3 iş gününde gönderilmedi.	Sad
Beklentim daha iyi bir urun olmasi uzerineydi. Ama yinede fena degil	Neutral
Şipariş ettiğim traş makinası gelmedi. İlgisiz bir satıcı mesajlarda cevap yazmadı.	Sad
kargolama sureci cok iyi urun kolide geldi ve koli icerisindede vbalonlu naylonlarla sarilmisti cok saglam olmus resimdekinin aynisi satici cok ilgili cok memnun kaldim cok kaliteli bi marka tavsiye ederim omrude diger yaglardan daha uzun	Happy
Ürün çok hızlı bir şekilde kargolandı,bunun yanı sıra paketleme, aldığım ürün hasar görmeyecek şekilde yapılmış.Tahmin edilen varış süresinden önce elime geçti. Gönül rahatlığı ile seçeceğiniz bir mağaza.	Sad
İlgili satıcı, güzel ürünleriniz için teşekkür ederim.	Happy
ürün kutusu bantlanmamış geldiği ve çaydanlığın plastik kapağının bir dişinin de kırık geldiğini firmaya bildirdiğimde ürünü değiştirmek üzere geri istedikleri için firmayı olumlu buldum ve hasarıda önemsemediğim için ürünü onayladım.	Sad
Ürünlerin lastik yerlerin hepsi koptu tek tek baktık sadece tek ip atılmış bizi çok uğraştırdı.	Happy
teşekkürler	Happy
Çok gecikti kargom iade oldu kimse ilgilenmedi bu markadan alışveriş yaptığım için pişmanım	Sad
Aynı uründen 37 no sunuda istedim yannız daha o gelmedi bilginize	Neutral
ayakkabının ipinde ve ip bağlanan yerinde mum erimesi gibi birşeyler var üretim hatası var gibi birde aşırı yapıştırıcı kokuyor.	Happy
Paketleme çok iyi olmasına rağmen içindeki tabletlerden kırık olanlar vardı.	Neutral
aldigim urunu ertesi gun kargoya verdiler burasi normal ama bedava kargodanmidir kargo sirketindenmidir 5 gun sonra geldi kargo istanbul bursa arasi yuruyerek 5 gun ancak surer satici pek alakadar degil soru soruyorum hic tık yok bidaha alis veris yapmam	Neutral
Teşekkürler	Happy
İDARE EDER	Happy
2 kez ürünü yanlış gönderip 1 kelime cevap yazmayan 2 kez kargo şubesine gidip boşa vakit harcatan, 2 kez randevu alıp ürünü taktıramamı sağlayan ilgisiz müşteriyi önemsemeyen bir satıcı. Bedava ürün dağıtsalar almam. Ayıptır	Sad
Tşkkr ederim.iyi çalışmalar	Happy
Ürün çok geç kargoya verildi ödemem onaylanmasını rağmen 3 gün sonra verildi	Sad
28 nisanda verdiğim sipariş 8 mayısta elime geçti v e ürün ambalaj şeklini beğenmedim daha önce aldığım aynı ayakkabı şimdiki ayakkabı arasında kalıp farkı var sipariş verirken ona göre verin	Sad
Ürün geç kargoya veriyorlar	Neutral
Kargolama ve teslim süresi iyi, mausun genel çalışmasında bir sıkıntı yok ancak basparmak altındaki tuşu bir türlü çalışmadı.	Neutral
Kılıf beklediğim gibi çıkmadı potluklar oluştu öyle yazıldığı gibi ortopedik falan da değil yani ustteki kumaşın içinde sadece ince bir sünger var ortopedik diye bundan bahsediyorlar sanırım idare eder fiyatına göre	Sad
kargo hızı paketleme hepsi çok güzel artık favori satıcılarım arasındasınız....	Neutral
Ürün kullanılmış gibi	Happy
ürün elime hasarsız ve hızlı bir şekilde ulaştı; boy olarak da ideal fakat kalite olarak gerçekten kötü.. üzerinde pis de bir boya kokusu var. Elinize aldığınızda plastik oyuncak gibi hafif ve kalitesiz olduğunu hissettiriyor.	Neutral
Sorunsuz alışveriş, güvenilir satıcı.	Happy
Ürün orjinal hummel diye aldim.ancak orhinalmi degilmi gercekten suphe duyuyorum.	Neutral
Teşekkürler	Happy
malzeme çok kötü bagaja tam oturmuyor resimdeki ile alakası yok	Sad
Zamanında teslim	Happy
Üürnler orjinal ve faturalı. Faturada Emperio Armani yazması zaten orjinal olduğunun kanıtı alacak arkadaşların herhangi bir şüphesi olmasın	Sad
Satıcıya ulaşmak mümkün değildi. Bana yardımcı olan Gittigidiyor müşteri hizmetleri oldu. Yine de teşekkürler...	Happy
satıcı-alıcı var fakat ürün yok.ilginç bir alışveriş oldu,pardon olmadı..	Neutral
Çok teşekkür ederim gerçekten güzel bir şekilde muhafaza etmişsiniz çok sağolun &#128524;&#128077;&#127995;	Happy
İlgili ve güvenilir mağaza görevlisi hızlı kargo teşekkürler.	Happy
Geciken kargo ilgisiz firma	Happy
Guvenilir uygun fiyat hızlı tezlimat	Happy
bot orjinal yanlız yan dikişleri göründüğü gibi siyah değil beyaz vebot tozlu bir şekilde geldi.	Happy
Gittigidiyorda aldığın paket traş seti hediyeli ürünü değişim için geri gönderdim müşteri temsilcisine de bildirdim ürün gene hediyesiz geldi ben hakkımı helal etmiyom ve 0 puan	Sad
Bu kadar isini duzgun yapan satici az 2 3 kat balonlu posete sarmis bundan sonra yeni adresim burasi	Happy
Ürün hızlı geldi tesekkurler	Happy
iyi paketlenmediği için ürünün kapağı kırık geldi.	Neutral
Ürünü sorunsuz olarak teslim aldim	Happy
Ürün gelmedi	Sad
Mesajlara geç dönüş yapılıyor	Neutral
Ürün anlatildiğı gibi fakat 8 gunde geldi	Neutral
Araç için kesince şekli bozulabiliyor	Happy
Orijinal yazıyor ama ne bataryası ne de şarj aleti orijinal değil.. normal piyasa ürünü.. şarj aletinin fast özelliği var hesapta ama çok yavaş şarj ediyor..	Neutral
aras kargo yerine sürat kargoyla gönderildi,paket pislik içindeydi,genel olarak sürat vasat altı...	Neutral
V	Happy
Telefon la ulaşmak imkansız yarım saat beklemeniz gerekiyor.müşteri ilgi alaka bilgilendirme sıfır ürün yanlış marka yanlış numara gönderilmesi ve uzun uğraşlardan sonra 20 gün sonra elime ulaştı.	Sad
Paketleme mükemmel,kargoya verme ve gelişı harika,ayrıca çok incesiniz kahve için teşekkürler.	Neutral
çok teşekkürler çok güzel bir ayakkabı 10 numara beş yıldız	Happy
Paketleme iyi değildi.Streçe sarılmış olarak geldi.Dışı setreç oldugundan kargo da taşıma esnasında çadır muhafazası delinmiş.	Sad
ekranda görünenden daha küçük bir ürün.	Happy
Rockers 41 numara 0.5 kucuk	Happy
Ürün mevcut olduğu halde, problem bildirerek kargoya veremediler. Korayspor'un internet alisveris islemlerinde ideal seviyeye gelmesi için daha dikkatli ve ciddi çalismalarin icinde olmasi gerekiyor.	Neutral
Satıcı kaynaklı bir sıkıntı yaşamadım. Ürün gayet güzel. Ama anlaşmalı olduğu mng kargo ve küstah çalışanları yüzünden sinirlerim gerildi.	Neutral
Pazar günü sipariş verdim pazartesi günü kargo teslim etti beklediğim ürün geldi teşekkür ederim	Happy
Hediye paketi rica etmiştim ama olmamış... Sürat kargodan daha iyi bi kargoyla çalışılsa daha iyi olur 2 gün şubede bekledi nerdeyse... Ürün anlatıldığı gibi orjinal kaliteli duruyo....	Neutral
Uygun	Happy
Ürün çok hızlı elime geçti, kargo inanılmaz hızlıydı çok teşekkürler. Ürünü henüz denemedim, inşallah güzel çıkar. Teşekkürler	Sad
Teşekkürler	Happy
Ürün anlatıldığı gibi degil, yarım metre tay tüyü kumaşı koymuşlar gerisi dandik bi astar. Tavsiye etmem yani bilsem almazdm :( bide 10 gün beklettiler ürün bitik yeni imal ediyoruz flan diye.	Sad
Kokuyordu ve ürün çok götü	Happy
kablo kesitleri sorunlu 3*2,5 olması gereken kablo 3*1,5 mm haksızlık sahtekarlık bu, gitti gidiyor bu olayı çözmeli sonuçta kar ortağı .	Neutral
Hızlı kargo,mükemmel paketleme,tavsiye ederim	Neutral
cumartesi satın aldım çarşamba günü elime ulaştı. satın aldıktan1 saat sonra kargo diyor ama kargonun yola çıkması uzun zaman alıyor	Neutral
aynası gostermiyor matı ince oyuncakları ayni tip	Sad
Ucretsiz kargo yaziyor ama 6 tl kargo ucreti alindi oyuncak kutusu darbeli ve yirdikti bi zahmet edipte ambalaj yapsaydinizda hasar gormeseydi :(	Neutral
:)	Happy
Satıcı ile iletişim sıfır. Kesinlikle tavsiye etmiyorum. Kaç kez mesaj yazdım cevap dahi vermediler. Ürün kargo merkezinde kalmış satıcı bizimle iletişime geçsin dedi kargo firması Neticede ürün çok geç geldi ve tatilde kullanamadım	Sad
Alacaklarin aklinda bulunsun kilif bildiğiniz carsaf gibi incecik. Hic bi yerinde sünger vs destekleyici bir şey yok. Şekil ve renk bakimindan resimdeki ile birebir. Sonuc olarak hizli kargo,ilgili satici, fiyata göre normal bir ürün.	Happy
Ürün ve ambalajı iyi.Fatura tamam.Teşekkürler.	Happy
Urun ertesi gün elime gecti cok tesekkurler.ben onaylamayı unutmuşum.kusura bakmayın.klasik kırmızı kutuda değilde yeni formül olarak kahverengi sarı bir şişede geldi.	Sad
.	Happy
Sürekli onay kısmı biraz uğraştırıcı.	Happy
Ürün paketlemesi idare eder	Happy
kargolama gayet güzel ve faturalı olarak geldi, uygun fiyat ve güzel kargolama için tekrar teşekkür ederim.	Happy
Arka panel çatlak çıktı	Neutral
Bedeni yazmama rağmen küçük gönderdiler.	Sad
bu fiyata bu kadar şimdi çöpte	Happy
Paketi havalı naylon ile sarmak gerekir dartlarin arkalarında kırılma olmus ve surat kargo çok geç getiriyor ismini yavaş kargo olarak değiştirmesi gerekir	Sad
Bana karşı ilgisiz davrandı. ödeme yapana kadar sorularıma cevap verdi ama ödeme yaptıktan sonra kargom ile ilgilenmedi. Özellikle kargoyu aynı gün cıkartmasını istediğim halde saat 3 de aldığım ürünün yetismmediğini belirtti.	Sad
Yav madem elinizde yok temin edemeyeceksiniz neden stokta var diyorsunuz herşeyi mahvettiniz umut ettik	Happy
Hızlı kargo ve güvenilir alışveriş.Teşekkürler.	Happy
Sifir urun yazilmis ama teşhir urun geldi.ambalaj baştan savma market kolileri birlestrilmis ve koli yapilmis.iade ettigimiz urunun iade onayi icin 4 gundur bekletiyorlar tesadufen aradigimizda ogrendik.berbat.kesinlikle tavsiye etmiyorum	Sad
Soru sormama rağmen cevap vermediler ve vermiyorlar .. Olumsuz ..	Sad
mükemmel esnaf. ticaret budur.	Happy
Urun kırılmış olarak geldi	Happy
Ürün hızlı bir şekilde elime ulaştı. Görselde göründüğü gibi kaliteli gelmedi bana. Barların ucundaki ve ağırlıklardaki tıpalar kaliteli değil. Ancak ürün bu fiyata iyi.	Neutral
Ptt kargo yüzünden olumlu yanıt veremiyorum.	Happy
hızlı kargo doğru ürün teşekkürler	Happy
İLGİ VE ALAKAYA TEŞEKKÜR EDERİM	Happy
İlgili satıcı, ürün çok güzel, teşekkürler	Happy
Eylül 2018 basımı siparişi verdiğim halde ocak basimi gönderilmiş	Happy
..	Happy
Çarşamba elimde olmasını bekliyordum cuma geldi sebep bu	Happy
etkisiz işe yaramıyor maalesef.	Sad
Cok kaygan hic guzel degil geri soktum	Happy
4 tane aldım yanyana koydum. 3 ve 4 nolu aletlerin ölçümleri yakınsa bile aynı değil. Belki zamanla kendilerine gelirler. İç nem-sıcaklık ve dış ısı ölçüyor Ölçümler Ürün-İç Isı-Dış Isı-Nem 1-24,2-23,8-54 2-24,4-24,0-47 3-23,5-23,5-48 4-23,4-23,5-50	Happy
ürünü daha şişirme şansım olmadı şişirince tekrardan yorum yapacağım	Sad
Ürün beklenen zamanda kargoya verilmedi maale5	Sad
2 adet parfüm satın aldım.ürünler jelatinsiz ve faturasız olarak gönderilmiş.Kargo hızlı yapıldı ve çabuk elime ulaştı bunun için teşekkür ederim.	Happy
Firma sistem üzerinden sorduğum hiçbir soruya cevap yazmadı .Bu anlamda ilgisiz bir satıcı, kesinlikle alışveriş yapmanızı tavsiye etmiyorum.	Sad
Tşk ????	Happy
Ürün kalıbı dar 2 numara fazla isteyin tabi varsa.	Happy
Ürün firma kargoya vermede hiçbir sorun yok ancak 6 sında ptt ye ulaşan ürünü birkaç km öteye 12 sinde teslim ettiler sordum bizden bukadar diyor rezalet	Neutral
Ya bayıldım&#128158; Bundan sonra sürekli sizden alacağımm&#128153;&#128536;	Happy
Kargo şirketinden dolayı nötr	Happy
Teşekkür ederim sağlam bir şekilde elime ulaştırdığınız için	Happy
Gönderim hızlı	Happy
???	Happy
Garanti belgesi vs çıkmadı içinden kötü bir şekilde poşetlenmiş kablosu bile bağlı değildi	Sad
Kargonun adresimize teslimati olmamasi alisveris yaparken bunun bildirilmemesi ve merkeze kadar gitmek zorunda kaldığımız icin olumsuz yorumluyorum	Sad
ürün parasına göre iyi görünüyor,henüz monte etmediğim için uyumluluk sorunu varmı bilmiyorum ancak;paketlenmesi çok zayıf ve özensiz idi,öyle ki gelirken içinden birtakım parçalar düşmüş bile olabilir	Neutral
Lütfen bundan sonra ürünlerimi yurt içi kargoya vermeyin.müşteriye saygı Yok yurt içi kargoda . Çok laçkalar &#10004;Teşekkür ederim	Sad
Geciken kargo uyarısına rağmen benimle temas bile kurmadılar.Dürüst de değilller.Alışveriş yapılmasını tavsiye etmem.	Sad
Fatura kutuda yoktu	Happy
Ayağımı sıktı sol tarafı	Happy
Daha iyi bir paket olabilirdi Kapakta biraz sızıntı var Yinede teşekkürler	Happy
...	Happy
2-3 günde kargo yazıyor 10 gündür göndermediler hiç bu mağazaya bulaşmayın	Sad
Gelen ürünün dikişleri sökük ve işçiliği berbat tavsiye etmiyorum.Kullanırken yırtılacak gibi dandik.	Sad
Rica etme rahmen 3 gün sora yolladı hediye aldık ama.bi anlamı kalmadı	Neutral
Urun zayif	Happy
Göründüğü kadar kaliteli değil.	Happy
teşekkürler.	Happy
Teslim süresi uzun	Happy
Beklendiği gibi değil son derece kalitesiz ürün tavsiye sıfır	Neutral
İlk başta yanlış ürün gönderselerde biraz telefon trafiği sonrası iki gün gecikmeli ürün geldi.	Neutral
ürün iyi.	Happy
Ürün üzerinde hologram bulunmuyor.Orjinal olduğunu sanmıyorum.Lütfen Göz önünde bulundurun.	Sad
gayet güzel kitap geldi teşekkür ederim	Happy
ilgi için tşk ederim.ürün çok güzel güvenle alışveriş yapabilirsiniz.	Happy
teşekkür ederim	Happy
kargo süresi.. :(	Happy
Cok kotu bir urun hemen yirtildi sakin almayin	Sad
Stoklarında olmayan ürünü listelemiş, Kargolama süresinin son günü, yani 3. gün ürünün olmadığını söyleyerek satış işlemi iptal etmiştir. 4 günlük vakit kaybı. Tek olumlu şey isen arayan kibar bir arkadaştı.	Sad
Tesekkurler	Happy
Acemi satıcı	Happy
İlk 2 tanesi patladi digerlerini çöpe attim kesinlikle tavsiye etmiyorum. Saticininda umrunda degil biz araci firmayiz deyim kestirip atiyo konuyu...	Sad
Normal bir ürün	Happy
Satıcı olmayan ürünü satmaya çalışıyor	Sad
Ürün sayfada yazdığı üzere gizli gönderim değil. paketin dışındaki faturanın görünen yüzüne kalemle ne olduğu açık açık yazılmış.	Happy
Gelen ürünün sitedeki ürünle uzaktan yakından alakası yok.Ne markası ne modeli ne deseni tutuyor. Artı araç içi paspaslar başka arka bagaj havuzu başka.Ne deseni aynı , ne maddesi. RESME ALDANMAYIN.ÜZERİNDE MARKA BİLE YOK POŞETTE BAGAJ HAVUZU	Sad
Urun güzel ama kargo yavas	Neutral
Beş kuruş etmez	Sad
faturasız garanti belgesiz geldi. iş görür bu fiyata iyi	Happy
İlave edilen Kılıf ve ekran koruyucu 5 para etmez.Ayrıca sipariş vermek zorunda kaldım.Paket içeriği sizi aldatmasın.Silikon kılıf kendi paketinden çıkıyor.Telefon On numara...Konu ile alakalı msj attım dönüş yapılmadı.:((((	Sad
Üründe dikim hatası dikiş yerlerinde yırtılma ve arabaya tam oturmadı iki üç kez mesaj yazdım cevap verilmedi böyle müşteriyetsizliğe para helal olmaz	Sad
Urun ellerinde varmıs gibi uzun bir aradan sonra benim kendilerine mail atmamla PARDON urun elimizde kalmamıs demeleri müşteriyi oyalamaktan baska bir sey değildi yinede nazik yaklasımdan dolayı tesekkur ediyorum.	Neutral
Ürün güzel kargo biraz daha sağlam olsa iyiydi.olumsuz puan vermemin tek sebebi fatura yok mail adresime gelen birşey yok	Happy
kargo şirketi iyi çalışmıyor	Neutral
Araç güzel ama pil durumu hoşuma gitmedi keşke daha uzun sureli kullanılsa erken bitiyor pili çıkar doldur yerine tak hoşuma gitmedi	Neutral
İ ekrandaki plus-med fakat elime ulaşan marka farklı. Elime ulaşanın kalitesini bilmiyorum ancak resimdekinden biraz daha büyük ebatlı. Bu da benim için dezavantaj. Şimdilik çalışıyor umarım plus-med kadar uzun ömürlü olur başka sorun yok. .teşekkürler	Neutral
keşke zamanında kargo yapılsaydı.	Happy
Ürünüm çok geç kargolandı. Satıcıya defalarca msj attım geri dönmedi. Berbat bi teslimat yani ben olumsuz oldunu düşünüyorum??	Sad
Siz ne güzel insanlarsınız?? pakete iliştirdiğiniz not ve kahve ile içimi ısıttınız?? Bu dünyadan hâlâ ümidim var ?? Yeni yıldan dileğim, sizin gibi insanlar çoğalsın lütfen??????	Happy
Geç kargolanmasından bAşka bir sorun yok.ürün orijinale benziyor ama...aklımda soru işareti yine var.bu tarz ürünleri internetten almıyorum.piyasada temin edemediyim için buradan sAtın aldım.yine de tesekkürler...	Neutral
Sorunsuz alışveriş Kitap kondisyonu belirtildiği gibi. Herşey için çok teşekkürler ve herkese tavsiye edebilirim. Saygı ve hürmetlerimle Almanyadan Kamil	Happy
Teşekkürler	Happy
Ürün görseldeki ürünün aynısı .kargolamada da sıkıntı yok fakat ürünün üzerinde kokulu bir sıvı yağa benzer lekeler var idi msj yazdım satıcıyla konuştum döneriz size dediler sonuç yok...	Neutral
Teşekkürler.	Happy
Aldığım ürün tedarik edilemiyor denildi baska ürün seçmem söylendi aldığım ürün salomon xa pro gtx Tedarik edilemedi Yerine salomon Wings pro 2 Yerine hiç alakası olmayan bir ayakkabı geldi bu dediğim süreç 20 gün oldu sanirim iletişim sıfır koraysporda	Sad
Hızlı kargo teşekkür ederim	Happy
Ürün istediğim gibi çıkmadı	Sad
Kargo geç beş para etmez...	Sad
İyibir satıcı kargo saçimini yanlış buluyorum. Bütün gün ürün gelecek diye evde bekledim gelmedi. Saat 19 da sms attılar kargodan size ulaşılmamıştır diye üstelik 3 gün icerisinde gelip kargonuzu almazsanız geri gönderilecektir diyor. Üstünede kargo paras	Sad
Tşkler..	Happy
Ürünü alamadım. Satışı iptal ediyorum. Mağdur oldum. Saygılarımla,	Neutral
Satıcı çok ilgili ve kargo hızlı. Ancak ürünün rengi fotoğraftakinden epey açık ve kesimi çok bol. En küçük beden bile, normalde M, giydiğim halde büyük geldi. Bir de ürün sanırım renginin açılması için çok fazla çamaşır suyuna maruz kalmış, kokuyor.	Neutral
satıcı mesajlara cevap vermiyor	Sad
ayakkabının bağcığını tutan halkalardan bir tanesi yerinden sökük olarak geldi.. ayakkabı tamircisinde dikiş yaptırmam gerekiyor	Sad
Ürün güzel ama mağaza iletişimi sıfır.Mesaj atıyorum geriye dönmeye tenezzül etmiyorlar.	Neutral
Gönderilen kitabın ilk 28 sayfası yok mesaj gönderdim dönüş yok	Happy
kargo:(	Happy
kılıf daha kaliteli olsa iyi olurdu...siyah renk mesela	Happy
İyu	Happy
stokta olmayan ürün satıldı,daha sonra 1 hafta bekledim,telafi etmek için kargo parasının karşılanacağı söylendi ama ben ödedim.	Neutral
SATICIYA YAZDIĞIM MESAJA CEVAP ÇOK GEÇ DÖNÜLDÜĞÜ İÇİN	Neutral
Müşteri memnuniyeti sıfır ilgilenmiyorlar, kargoyu teslim aldığımda ürün kutunun içine öyle atılmış vaziyette buldum insan biraz dikkat eder.	Sad
satıcı biraz sıkıntılı. üründe sorun yaşadım gelin değiştirelim dedi.. attığı konuma gittim telefon ettim telefonu açmadı.. sorunu kendim çözdüm.	Sad
Aynı ürünü bir başka satıcıdan aldım daha özenli paketlenmiş ti bunda sadece bir hava kabarcıklı naylona sarıp göndermişler biraz baskıya maruz kalmış ezilmiş paketlemeyi beğenmedim	Neutral
urun elime cabul gecti ama 2 kulaklilta calismiyordu	Neutral
Teşekkürler ... :)	Happy
Kargo ile ilgili problem Satıcı tarafından yönetilemedi.Üstüne, kargo Satıcı ödemeli olmasına karşılık ürün satıldıktan sonra gönderme yükümlülükleri olmadığını(!!) dahi söyledi Esra Hn. ki bu kabul edilemez.İyiniyet gösterip önceden ödeme onayı vermeyin.	Sad
.....................	Happy
Yanlış ürün geldi	Happy
Size özellikle sordum 55w mı diye, evet dediniz. Gelen ürün 100w çıktı. Sis lambalarının yuvalarını eritti. Biraz sorumluluk sahibi olun, ne sattığınızı bilerek satın lütfen.	Happy
50 ml yazıyor ama 30 ml geldi bana. Kargo zaten uzun sürdü . Hiç memnun kalmadım resmen kandırıldım	Neutral
Hızlı kargo için teşekkürler..yalnız ürün malzemesi kalitesi iyi degil...	Neutral
Göründüğü gbi degil	Happy
Kargo geç geldi.	Neutral
Değişim için gönderdiğim ürünü 13 günde değiştiremeyip, para iadesi yaptılar. Tam 1 ay boşuna defalarca telefon görüşmesi yaptım. Dahili 1012, 1017, 1022 numaraları aradım, Aramaların %90 ında mekanik sesten sonra telefon kapandı. Değişim tam bir rezalet.	Sad
Tamamen hayal kırıklığı	Neutral
İlgisiz alakasız bir fırma yaklaşmayın bence	Sad
ürün resimdekinden farklı ...inanın direk çöpe attım...	Happy
Çok geç kargolandı.	Neutral
Ürün dağılcak gb . inşallah makinenin üstüne düşmez	Sad
Ürünü alacaklar ALMASIN bir haftadır kargo peşinde koşuyorum. Eve geldik bulamadık diye yalandan mesaj atıyorlar ki evdeyim hep ara ara acmiyorlar açtıklarında yanlışlık olmuş getireceğiz diyorlar atlatıyorlar. En son kendim gittim aldım. ALMAYIN...	Sad
SATICI DOYMUŞ SADAKA VERİR GİBİ ÜRÜN GÖNDERİYOR 9 GÜNDE ANCAK KARGOLADI . ÜRÜNÜ ALINCA MESAJ GÖNDERİP CİHAZIMIN BOZULDUGUNU MÜMKÜNSE Bİ AN ÖNCE KARGO İSTEDİM ARKAŞ SADAKA VERİYORYA 9 GÜN YUH,	Neutral
Teşekkür ederim	Happy
urun gayet iyi ama kargo gecikti gönderice bu konuda pek alakadar olmadı kargomun şubede beklemesinin 3. günü artik gittim ben aldim şubeden	Neutral
İYİ BİR ALIŞVERİŞ OLDU. ÜRÜNLER ZAMANINDA TESLİM EDİLDİ. OTOGOLD'A TEŞEKKÜRLER...	Happy
Kargom elime cok geç ulaştı	Neutral
Ürün kia venga ile tamemen uyumlu... aynı gün kargo deniliyor ama perşembe sabah sipariş verdim, cuma akşamı kargoya verdiler. Bana da pazartesi geldi, 5günü buldu yani. Israrla arayıp sadece bir kere konuşabildim.	Neutral
HAUNGER marka asla beklemeyin Furkan oyuncak(babyicm).Kulak temizleyici çok kötü kokuyor.	Sad
Ürün geldi güzelce paketlenmiş fakat çerçeve koruyucu kısmı yokmuş aliexpress'ten de baktım oradaki uygulama videosunda da gözükmüyor. Satıcının hatası değil fakat başlıkta yazmasa iyi olurdu	Neutral
Geç geldi	Neutral
TIRNAKLAR ÇOK DANDİK DAHA TAKMADAN KIRILIYOR SATICI FİRMA BİLE PARCALARİ TEDARİK EDEMİYOR...	Happy
Ürün 2 3 gün içerisinde kargoya verilmesi gerekirken 1 haftadan uzun sürede kargoya verıldı. Ürün çok geç geldi.Satıcı mesajlarıma cevap vermedi.Kargoyada terliği poşetin içine atmışlar kutusuz korumasız öyle göndermişler.	Sad
Şekerimsi bi kokusu var yani tam baharlık bi parfüm şekerimsi kokuları sevenlere tavsiye ederim	Happy
Çok kalın değil. Karda işe yarar mı şüpheli. Ama fiyat olarak da çok cazip.	Neutral
,	Happy
Ürün anlatıldığı gibi güzel güvenilir satıcı.	Happy
teşekkür ederim	Happy
satıcı iyi fakat kargo sirketi mng berbat	Neutral
Bir işe yaramıyor orijinal olduğuna dair bir bandrol de yok.	Neutral
Güzel	Happy
Teşekkürler	Happy
Teşir ettiği ürünü gönderemedi.	Happy
Ürün çok şık ve kaliteli. Ancak kutu bana açılmış olarak geldi.. Ambalaj kutusunda ki bant açılmış ve yeniden yapıştırılmış. Cepport gibi bir firmanın bu konulara daha dikkat etmesi gerekiyor.	Neutral
Geçikme oluyor hızlı cevap alamadım. Siparişi iptal ettikten sonra gönderim yapıldı.	Sad
Numara yanlış geldi.İade aldılar.	Happy
Kargolamadı	Sad
Üründe sıkıntı yok, yalnız kargo geldiğinde açmadan teslim almayın. Ufak bi parçasında kırık çıktı.	Neutral
İdare eder	Happy
Teşekkürler	Happy
Beyaz ipad kılıfı istedim turuncu lekelerle dolu bir ürün geldi silmeklede çıkmadı bu kadar özensiz olacağını düşünmemiştim.	Sad
Onaylıyalım	Happy
Hızlı ve güvenilir iyi bir satıcı... Teşekkürler...	Happy
Bu kadar etkili koku vereceğini sanmazdım. Gerçekten süper...Hatta o kadar çok koku veriyor ki bir süre sonra koku vermesini engelliyorsunuz...	Sad
Kapılara tutturma kulağı yoktu.	Sad
Kutunun kapağı açılmıyor	Sad
Teşekkürler	Happy
Urununuzun bazi pervane motorlari bozuldu	Happy
Hızlı gönderi, güzel paketleme teşekkürler &#128578;	Neutral
Teşekkürler.	Happy
içinden çıkan piller çalışmıyor. yeni pil aldım. ****** Türkçe kullanma talimatındaki pilin takılış şekli yanlış****	Sad
ürün gayet başarılı tereddüt etmeden alınız..	Happy
Teşekkürler	Happy
Ürünü sipariş ettim ama 1 gün sonra parası iade edildi zamaninizi bosuna harcamayin	Neutral
İki tanesi 2017. 40. Hafta iki tanesi 29. Hafta olarak gönderildi . Takma hizmeti verilen yer 1 tanesinin balans ayarı tam olmadığını söyledi	Sad
far setinin fişlerin üstündeki koruyucu plastik yok ama ürün sağlam ambalaj orjinal	Neutral
Türkçe kullanım yok ve saati ayarlamak imkansız gibi	Happy
Güzeldi çok teşekkür ederim.	Happy
Sürat kargo ile berbar bir teslimat... Kargo şirketi çok kötü Ayrica ben resimdeki üründen kutusuyla beraber olarak bekliyordum. Yeni ürün gönderilmiş karton kutuda ...	Neutral
İdare eder kargo sorunlu	Happy
amerıkan orjinal convers ne zmandır çinliler uretmeye basladı yani pesss	Sad
Cok hızlı servis sahane urun	Happy
.	Happy
Urun 2 el olarak gelmis. Arkasi acilan paket halinde sadece zimba ile tutturulmus.Urun daha once kullanilmis. Urun baslik yerlerinde oksitlenmeler var.urunun calisip calismasigini denemedim. Kesinlikle urun sifir degil. Oksitli olmasi hic hos degil.	Sad
Hızlı teslimat için teşekkürler	Happy
Çok teşekkür ederim.	Happy
Hızlı kargo, sorunsuz alışveriş. ürün zaten bilinen alman kalitesi	Happy
Satıcıyla ilgili bi sorun yok ama ürünü beğenmedim 3 tarafında tutacak var bi tarafında yok az kalsın düşüyodu ordan Bide malzemesi kalitesiz alt tutacaklardan biri daha şimdiden koptu yapıştırmışlar dikmemişler bende yapıştırıcam artık yapıcak bişey yok	Sad
Kaliteli ve ilgili bir satıcı, ilk tercihimdir.	Happy
Ürün kargoya zamanında verilmedi. Sipariş iptal edildi.	Sad
satıcı degıl ama parfumu begenmedım eskıden daha ıyıydı sankı bu perceıve	Neutral
Ürünleri , ücretsiz kargo deyip , alıcı ödemeli olarak gönderiyorlar, ve insanların zamanını alıp mağdur ediyorlar. Bu satıcıdan uzak durun.	Happy
Telefon kalıbı açık geldi dışında bi sıkıntusı yok	Happy
Korayspr gibi firma olmayan ayakkabıyı satıyor 2 haftadır beni madur etmiştir	Sad
Urun ilani acik fakat stokta yok satis iptal saglam firmadir dedik ama malesef	Neutral
FARKLI ÜRÜN	Happy
Hiç etkili olmadı boş yere aldım	Sad
Gelen Ürün Deri Kinetix'in orjinal. Fiyatı (74) iyi. Satıcı ürünlerin çeşitli açılardan 5-6 fotoğrafını çekse, özelliklerini açıklayıcı yazsa müşteri ürünü daha iyi görür. Koray bunları dikkate alırsa ve kargoyu zamanında gönderse daha iyi puanlar alırdı.	Happy
Ben ürünü denedim ancak numarası büyük geldi Ürünü yurtiçi kargo ile tarafınıza geri gönderiyorum ve para iadesinin yapılmasını rica ediyorum Iyi günler...	Neutral
İyi fiyat için teşekkürler	Happy
tamamdır kargoya verin lütfen	Happy
Ürün de sorun yok. Fakat cepport hatırlatmama rağmen aynı gün aldığım ve aynı gün kargolanan iki ürüne, ayrı kargolama yapıp fazla kargo ücreti ödemesi yapmama sebep oldu	Sad
Tşk	Happy
TEŞEKKÜRLER	Happy
Sipariş verdikten 6 gün sonra defalarca hatırlattıktan sonra ürün kargoya verilebildi. Fakat gelen ürünün paketlemesi vs güzeldi. Gönderi erken yapılsa daha güzel olurdu	Neutral
Mxndsk	Happy
idare eder ayrıca bir teker sert dönüyor	Happy
Henüz teslim alınmadı galiba sürat kargoda Cuma günü (10.08.2018) yarın kargoya gidip sorulucak. TESLİM ALINMADI	Sad
Aşırı büyük ve kalın her araca uymaz özellikle küçük şanzımanı olanlar hiç sipariş vermesin	Sad
Gönderici ilgisi için teşekkür ederim	Happy
firmaya 2 defa mesaj yazmama rağmen tok satıcı profili göstererek mesajlarıma cevap verme tenezzülünde bile bulunmadı. kargo süreci çok gecikti.	Sad
Orjinaline benzetme olmuş gibi hissediyorum bu paraya bu kadar olur belkide	Sad
Tskler hizli kargo	Happy
Teşekkürler	Happy
10 günde ulaştı kargo işini yapmıyor paketleme iyi	Sad
ürün güzel fiyatıda iyi fakat ürünün bir lambası az yanıyor.	Neutral
Fatura veTeslim adresi daha kolay olabilir çünkü birinci ütünü iptal ettim sonradan tekrar aldım	Neutral
5 temmuzda sürat kargoya verilen ürün 10 temmuzda elime ulaştı	Happy
Üründen iki tane aldım fakat orjinal marka ile yakından uzaktan alakası birtanesinide iade ettim	Neutral
Sorunumu çözemediler ancak ticari ahlak nedeniyle ürünü onayladım. Kendi sorunumu kendim çözeceğim.	Neutral
hız, kalite, uygun fiyat.. tek kelimeyle mükemmel :)	Happy
Oldukça özenli...	Happy
Tşkrler	Happy
Diş eti sağlığı için istediğim ürünü yanlış bir ürün göndererek mağdur edildim.	Happy
Benim araca tam uymadı çünkü arka koltuk 2 başlıklı gönderilen 3 baslikli	Sad
tekerleği kırıktı yapıştırıp kullanmaya karar verdik.	Sad
Ürün hızlı ve eksiksiz şekilde elime ulaştı ancak gerek özensiz paketlemeden gerekse kargonun ihmalinden kaynaklı ürün kutuda açılıp dökülmüş, önce tekrar gönderilecek denildi ancak para iadesi yapılmış, ürünü açmadan teslim almayın??	Neutral
A+++	Happy
İlanda şeffaf polikarbon görünüyor, ancak siyah renkli polikarbon geldi bize.	Neutral
.....	Happy
Kargo şirketini uyardığınız sürece sorun yok. Gayet yavaşlar ve ilgisizler.	Happy
Sahte ürün gönderildi. Değişim için gönderdim para iadesi yapmışlar. Olan bizim hediye çekine oldu. Tavsiye etmiyorum. Sahtekar ve ilgisiz bir mağaza.	Sad
çok basit ama pahali	Neutral
ilanda olan ürünü 1 hafta yollamadılar.Korayspora hiç yakışmiyor	Sad
Sipariş verdiğim ürün gelmedi alakasız kendi kafalarına göre iki küçük parça ürün göndermişler sakın almayın	Sad
Ürün orjinal ve Türkiye'deki en uygun fiyat. Satıcıya teşekkürederim. Tekrar görüşmek üzere.	Happy
kargo çok yavaş	Happy
Ürün biraz kalitesiz gibi geldi.polar çok ince	Neutral
daha önce tanımlı olan adrese gitmiş kargo	Happy
Cabuk bozuldu	Happy
Fatura ve garanti belgesi yok yardımcı olurmusunuz	Happy
Satıcıyla iletişim kurmaya çalıştığım halde mesajıma yanıt vermedi.	Sad
Yazılar birbirine gecmiş hiç beğenmedim kesinlikle tavsiye etmem	Sad
Plak koruma kapsız ve diğer koruma kapsız plakla üst üste gönderilmiş. Bu şekilde gönderim plakta çiziklere neden olur.	Sad
Teşekkürler.	Happy
Harika	Happy
Kaliteli bir ürün değil idare eder	Happy
ÜRÜNÜN BİR TEKİNİN BAĞCIĞI DEFOLU ÇIKTI.	Happy
Kesinlikle berbat power tuşu zaten yoktu üzerinde elime geçtiği gibi fırlatıp attım	Neutral
Hem ürünü çok beğendim, hem hizmet kalitesini ve hızını. Çok teşekkürler...	Happy
A	Happy
Kablolar çok kısa geldi onun dışında gayet iyi	Happy
Fiyata göre iyi sorunsuz ama kalıbı dar	Neutral
Ekranda ürünün yarı saydam görünüyor fakat ürünün içi şeffaf içindeki ledler görünüyor ve çirkin bir görüntü	Neutral
Sağlam bir şekilde geldi çok teşekkür ederim	Happy
İç yastıkları daha dolgun olabilirdi.	Happy
sürat kargo berbat	Neutral
300mbps deigl	Happy
bayramdan önce sipariş verdim, tatili unuttum, hata bendeydi. mesajla farklı bi adres verdim, satıcı bu adresi onayladı ama kargo yine ilk adrese gitti ve haliyle geri döndü. bundan sonra da hiçbir mesaja geri dönüş yapılmadı. buraya yakışmayan bi satıcı	Sad
Kargo teslimi yapılmadan satıcıya ücret nasıl aktarılır. Kaç gün oldu kargo hala teslim edilmemiş. Ptt kargoya mal teslim edilirmi	Sad
ürün kalitesi fiyat ile aynı değil	Happy
Teşekkürler	Happy
kargo mng le yollamışlar ürünün ambalajı paramparça..	Happy
Eksik	Neutral
Eşim kullanıyor çok ihtiyacımız olan bir ürün değil	Happy
İletişim sıfır	Happy
Ürünü teslim aldım resimdeki ürünün aynısı teşekkürler sorunsuz ürün	Happy
"Ürünü 9 gün boyunca göndermedi. Önce kargo hatırlatması yaptım, ardından mesaj attım, ""Gönderilmiş olması lazım kontrol edelim"" dedi, ancak ona da dönüş yapmadı. Düzgün bir bilgilendirme mesajı, az bir ilgi çok zor olmamalı."	Sad
Ürün baglanti civatalari gelmedi sadece aparat geldi	Sad
10 tane kalem dendi 3 tane geldi	Happy
Yapıştırma malzemesi kalitesiz	Sad
tsk ederım	Happy
Teşekkür ederim ürünüm çabuk ve sorunsuz elime ulaştı	Happy
MNG Kargo pişmanlıktır. MNG Kargo ile ürün gönderen esnaf da pişmanlıktır. 19 Nisanda Kayseri'den yola çıkan ürün, 25 Nisanda müşteriye teslim ediliyorsa satışı yapan esnaf hatalıdır! (MNG bunu hep yapar! KULLANMA MNG'yi!)	Sad
Urun verilen sürede elimize ulaştı.. &#128077;	Happy
Dandik	Happy
Pek istediğim gibi çıkmadı.ne kadar kaliteli bunu da zaman göstercek.ayaklarının rahatlığı konusunda çok rahat ama kalitesi ni zaman göstericek.	Neutral
ürün geldi evet ama kargo şirketi iyrenc ordan oraya sürükledi saticiya evt aras kargoya hyr	Neutral
Gayet memnunum	Happy
Hızlı kargo sorunsuz alışveriş teşekkürler :)	Happy
Kargo gerçekten felaket.	Neutral
birincisi aras kargo gibi kargolara zarar veren müşteri değil para odaklı çalışan bir kargoyla çalışmanız üzücü. ürün orta derece bir ürün yapışkan bölümünün kalitesi zayıf	Neutral
Fena değil	Happy
İki çift ayakkabı siparişi ikisininde sonucu hüsran stokta başka ürün gözüküyor onu gönderelim dendi sonrada sipariş iptali yapıldı gülermisin ağlarmısın	Happy
telefonda donmalar oluyordu ve şarjı hemen bitiyordu,yani bana gönderilen telefonda sıkıntılar vardı.ayrıca satıcı hiçbişekilde benle iletişim kurmadı,ama gittigidyora teşekkür ederim benim sorunumla ilgilendiler,cepport sıkıntılı bir satıcı...	Neutral
Henüz ürün elime ulaşmadan yorum yapamam	Happy
Mail attim surekli cevap vermediler.	Sad
TŞK.	Happy
Hızlı kargo teşekkür ederim.başarılı satıcı	Happy
Not happy with that product	Happy
Kargo berbat satıcı geç kargolamasi nedeniyle 26 sında verdiğim sipariş 1 de anca geldi sözde istanbuldan geldi allahdan bide doğu bölgeden gelse 1ayda anca gelir	Sad
Ürün anlatıldığı gibi değil	Happy
Görmeden aldık ama memnun kaldık. Orjinal ürün ve güzel ambalajlama. Teşekkürler...	Neutral
Boyutları belirtildiği gibi değil. Yerden dikey yükseklik 90 cm yazıyordu, ancak ayakları 20 cm geldiği için sadece dolap yüksekliği 70 cm gelmektedir. Bilgilendirilmeliydi.Kapak montaj yerleri hazılanmamıştı. Kapak kaplamaları montaj sırasında ayrıldı.	Neutral
Hizmet kalitesini beğenmedim	Sad
Ürün elimize ulaştı. Yazlıktayım, babam teslim aldı. Fakat ürünün sıfır olup olmadığından emin olamamış. Yağlı ve yıpranmış olduğunu söyledi. Fakat satışta sıfır yazıyordu. Bu yüzden emin olamadım. Sizin bu konuda görüşlerinizi bekliyorum.	Neutral
Ürün gorseldeki ile aynı şekilde elime ulaştı. Teşekkürler	Happy
Teşekkürler ...	Happy
Kargo çok uzun sürdü	Happy
içi miflonlu değil	Happy
Orjinal ürün. Tesekkürler.	Happy
"""stok kodlarındaki hata sebebi"" gibi anlayamadığım ve pek de inandırıcı bulmadığım bir nedenle ürünümü gönderemediler ve beni hayal kırıklığına uğrattılar."	Sad
Fiyat ve kalite oranı en üst seviyede. İsim satın almaya gerek yok, Eken al :)	Sad
Üründen memnunum teşekkür eder	Happy
Görsellerde ki ürün değil orjinal demişti kesinlikle değil yan sanayi ürün	Happy
Hafif ama tabanı sert	Neutral
Ürün YOk ortada ama para hesabınıza geçmiş?!!!	Neutral
Bu Ürün İstediğime Yakın Durumda Ancak İçiğndeki Miflonlu Kaplaması Yeterli Gibi Gelmedi Ürünü Değerlendirmem de Eksik Bir Yanı da Branda Özel Kılıfında ki bağlama İpleri Mevcut Değil Brandanın da Araca Sabitleme Yerleri Var Ancak İpleri Yok Bu Kötü	Sad
Kötünün Kötüsü	Happy
Ürün güzel beğendim ama PTT kargo rezalet ürünü 2 gündür getirmiyor en son kendim aldım satıcı 10 puan kargoya 0	Neutral
&#362;r&#363;n ertesi g&#363;n elime ulaştı, gör&#363;nd&#363;ğ&#363; gibiydi, teşekk&#363;rler&#128512;	Happy
Ürünü alalı 4 gün olacak ne kargo var ne bi bilgilendirme var nede mesajlarıma cevap var. Çok berbat çok berbat satışı iptal ettim umarım param geri gelir	Sad
Teşekkürler	Happy
Bana göre küçük geldi ben ml gr bakmadan resmebakarak aldım. Ama kargo hızlı ertesi gün elimde oldu	Neutral
Kargom son dakika geldi 10 adet yerine 9 adet geldi	Neutral
Ekran bikaç gün sonra kabardı hava keseleri oluştu	Neutral
keliteli ürün hızlı kargo, TEŞEKKÜRLER	Happy
Ürünü çok beğendik. Çok teşekkürler	Happy
Kırık geldi o yüzden pek beğenmedim ama kargoda da kırılmış olabilir	Neutral
Teşekkürler, hayırlı işler...	Happy
Bir numara küçük geldi değişiklik yaptım sıkıntı yok teşekkür ediyorum	Neutral
Satıcı öder diye ürün aldım kargoyu bana ödettiler Kargoyu yanlış şubeye göndermişlert geç teslim aldım	Neutral
Şarj kablosu arızalı çıktı değişim bekliyorum.	Happy
Hızlı kargo, dogru ürün...	Happy
Güzel makine şuanlık.	Happy
kargom gelmedi bekliyorum ödyapıldı mail de siparıs kodu gelmedi bilgi vermenızi rica ediyorum	Sad
Ürun iyi fakat birde telefon aldım halen kargoya verilmedi	Neutral
Ürünü çok beğendim aynı zamanda çok hızlı kargo bir günde elime ulaştı tşk	Happy
Ürün belirtilen özellikte gelmedi değişim için geri gönderdim ürün ellerinde kalmamış bu durum hoş değil	Sad
son derece ilgili bir satıcı. kesinlikle tavsiye ederim	Happy
1 gün gibi kısa sürede sipariş elime geçti satıcıya ve kargo şirketine teşekkür ederim.	Neutral
Ürün tam oturmadı araca .aracın modelini belirttiğim halde bir üst kasanın pas pasları geldi	Sad
Güzel	Happy
Ürün kaliteli görünüyor. İki el için de uygun. Atel gibi sert bir şey kullanmayı gerektirecek kadar ciddi olmayan durumlarda kullanmak için uygun.	Happy
Ürün teslimatı verilen tarihten geç yapıldı. Samsung note5 cihaz satın almiştım. Ürünü kullanmaya başladık. Umarım başka bir sıkıntı yaşamayız.	Sad
orijinal ve ucuz toms ....teşekkürler	Happy
ürün kargoya geç verildi.	Neutral
Keşke kışlık spor çorabı diye belirtseydiniz, baya kalınmış yeni çorap almak zorundayım , bunları yaz ayında giyemem	Happy
10 dk kullanmadan lazerin pili bitti şarjöre takılan boncuk yeride hemen bozuldu.	Happy
sadece ptt kargo malzemeyi kontrol etmeme izin vermedi ve davranışı çok kötüydü 3,80 tl için malemeyi kontrol ettirmem geri iade yaparım diyerek hiç beyenmedim	Sad
Ürün orjinal değil...Gerçi fiyatı biraz düşüktü ama orjinal beklentisi içerisindeydik. Bu fiyata çakması oluyor galiba...	Neutral
aras yazıyorlar,mng ile gönderiyorlar.böyle amatörlükler daha önce de başıma geldiği için mesajla belirttim.dedim ki arasla gönderin ama nafile,okumamışlar bile.40 dk yol yürüdüm kargomu almak için.mng her zamanki gibi getirdik yoktunuz dedi çünkü.sağolun	Neutral
Gümüş renk diye yazmışsınız hiç alakası yok bildiğin mat gri bu gümüşle alakası yok.Resimdeki parlaklık yok mat bir koyu gri geliyor ona göre sipariş verin.Verdiğim 5 puanı da sadece hızlı iletişimi ve hızlı kargosu için veriyorum	Sad
Kargo ile ilgili sorun var 09 08 2017 tarihinde verilen kargo bugün elime ulasti	Happy
Ürün temin edilmedi.	Sad
Beklediğim gibi orijinal ve güzel bir oyun değildi. Satıldığı fiyata değmeyecek bir oyundu.	Happy
Bu yı özellikle ayakalrım terlemesin dşyr aldım ama malesed çoraplarım yamyaş oluyor acaba nefes mu bu ayakkabı?	Neutral
Ürünün şarj yeri ve usb yeri hatalı geldi, tamir ettirmek zorunda kaldık	Happy
Hızlı . teşekkür.	Happy
..	Happy
Sakın almayın 3 tane gelmiyo 1 tane geliyo 70 tl olandan alın ürün aynısı	Sad
TAVSİYE ETMİYORUM.	Sad
.	Happy
Ürün elime ulaşmadı . alışveriş tecrübem olmadığı için parada satıcıya aktarıldı . şuan kargo şirketi ürünü geri yolluyor . satıcı parayı aldığı için ilgilenmiyor bile.	Sad
ARABAMA OLMADI. OTURMADI VE SATICI FİRMA HİÇ İLGİ GÖSTERMEDİ .	Sad
güvenilir satıcı,teşekkürler.	Happy
teşekkürler	Happy
Kesinlikle almayın derim kısa farlar aşırı dağınık gösteriyor.Önünüzdeki veya karşınızdan gelen araçları çok rahatsız ediyor. ben taktım ama çıkaracağım.	Neutral
eh işte	Happy
42.hafta diye satılan lastiklerin bir tanesi bile 42. Hafta gelmedi.Bir tanesi 14.hafta, iki tanesi 18.hAfta,bir tanesi 41.hafta:) belki çok eski değiller fakat siz 42.hafta diye satıyorsanız ve bir tanesi bile de 42.hFta değilse gerisini siz düşünün.	Neutral
İstediğim şapka gelmedi	Sad
Urunler guzel sikinti yok. Satici mesajlari dikkate aliyor ve hizli gonderim yapiyor. Fiyatlari iyi.	Neutral
Hızlı kargo temiz ürünler teşekkürler	Happy
Ürün 1 hafta içinde kargolanmadı satış için iptal başvurusu yaptım.Tavsiye etmiyorum	Sad
Cok iyi	Happy
Tanıtımında deri denilen ürün suni deri çıktı. Aynı ürünün şu anda da deri diye satışı devam ediyor.	Happy
Super	Happy
Çok iyi değil	Happy
Mesajlara cevap verilmiyor. Müşteriyle ilgilenilmiyor.	Sad
Ürün beklediğim süreden çok önce teslim edildi paketleme güzeldi hasarsız teslim edildi.	Sad
beklediğim kalitede değil.	Happy
.	Happy
.	Happy
Teşekkür ederiz...	Happy
Hızlı kargo, nazik ve ilgili satıcı ??	Happy
urun cok ınce cıktı bekledıgımı karsılamadı	Sad
Ürünün ipleri görüldüğü gibi ayarlanabilir değil sopaları da güzel değil.fiyat performans ürünü olarak degerlendirirseniz alınabilir.	Happy
Ürüne bari bir çift taraflı bant çekseydiniz daha ii olurdu	Happy
..	Happy
Güzel saat temiz satıcı	Happy
Benim böyle şeylerde şansım yoktur.ve aynisi oldu bagcik defolu cikti zaman kaybına tahammül olmadığı için bunada şükür dedik.	Sad
Ürünle ilgili değil satıcıyla ilgili söylüyorum. Ücretsiz kargo diyordu ama ücretli göndermişler...??	Neutral
Satıcı süper ürünü hemen kargoladı fakat mng kargo berbat 3 gün evde bekledik kargo gelmedi arayıncada biz geldik evde yoktunuz diye yalan söylediler bende kargoyu değiştirmeli	Sad
Ürün Reklamında Belirtilen Ebatlarda Değil... Satıcı Pazarladığı Üründen Sorumludur.	Happy
ürün elime çok geç geldi KARGO ŞİRKETİNİZİ DEĞİŞTİRİN	Neutral
Tek kelime ile mükemmel	Happy
Ürünü iade etmeme rağmen para satıcıya aktarıldı.	Sad
ürün orjinal değil	Happy
satiş yapılirken kargo fıyati yanliş oldugu icin olumsuz satiş dıyorum.	Happy
10 numara	Happy
İlginiz için çok teşekkür ediyorum. Ürün gayet &#128578;	Happy
Piyasada gördüğüm en rezil firmalardan bir tanesi. Yaptığı hatayı kabul ettirmek için 15 gün ugrastirdilar. Okumayı ve yazmayı bilmediklerini düşünüyorum. İnsan ilişkileri yok.	Sad
Tesekkurler	Happy
üründe sorun yok ancak kargo adreslerini karıştırmanız kötü oldu	Neutral
Ürün gönderilmedi	Sad
hızlı kargo ve sorunsuz ürünler	Happy
Aynı gün kargo olan bir ürünü 2 günde kargolamayı başaramadınız helal olsun, madem temin edemiyorsunuz neden ürünü satışa koyuyorsunuz.	Neutral
Çok kaliteli	Happy
eşyalar eksikti fakat güzeldi	Neutral
acıklama kısmında 100gr paketler halinde diye yazıyor ben her biri 100gr zannedip aldım ama sarı boya 50gr diğerleri 13.5 gr olarak geliyor. acıklama net yapılmamış..	Sad
Kargo süreci uzadı ve gelen oyuncak madein chin	Happy
Yanlışlıkla onayladı ürün henüz elime ulaşmadı	Sad
Ürünlerin ikisinin de ici yariya kadar su dolu.Eger kasitli yapildiysa bu is Bu tamamen dolandırıcılıktir. Ve helal etmiyorum verdigim parayi. !!!	Sad
yalan söylüyorlar sakın almayın berbat bir ürün iki üç ay kalıcılık var diyorlar ama yalan söylüyorlar bir hafta bile gitmedi benimki sacım eski halini aldı. arkadaşımın saçları komple yandı saçları dibinden geldi tamamen yandı sakın almayın ...	Sad
Arıza ısıgı yanmaz diyor ama yanmaktadır	Neutral
Paketleme iyi değil ürün sızdırma yapmış	Sad
Ürünüm 10 gündür gelmedi sonunda ise kargoda kayboldu deyip siparişi iptal etti kışın ortasın da ticari aracım trafiğe çıkamadı mağdur edildim kesinlikle tavsiye etmem muhattap bulamıyorsunuz	Sad
Teşekkürler	Happy
Ürün elime ulaştı fakat orjinalliği konusunda tereddütte kaldım	Neutral
